frame,id,class,x,y,vx,vy,ax,ay,closest,holder
1,1,offense,50.21,24.24,-0.02,0.38,0.0,0.0,14,False
1,2,offense,49.37,23.46,-0.0,0.35,0.0,0.0,5,False
1,3,defense,47.99,23.07,0.23,-0.01,0.0,0.0,9,False
1,4,defense,46.28,23.47,0.36,0.09,0.0,0.0,6,False
1,5,defense,48.72,24.72,0.05,0.0,0.0,0.0,2,False
1,6,offense,48.11,24.61,0.13,0.07,0.0,0.0,4,False
1,7,defense,46.0,25.24,-0.39,-0.41,0.0,0.0,8,False
1,8,offense,44.44,24.94,-0.19,0.01,0.0,0.0,7,False
1,9,offense,43.01,25.13,0.1,-0.02,0.0,0.0,3,False
1,10,defense,42.22,24.04,0.04,0.03,0.0,0.0,11,False
1,11,offense,41.32,24.54,0.0,-0.02,0.0,0.0,10,False
1,12,defense,35.28,19.83,-0.06,0.01,0.0,0.0,13,False
1,13,offense,33.55,19.09,0.11,0.01,0.0,0.0,12,True
1,14,defense,50.69,23.0,-0.02,0.01,0.0,0.0,1,False
1,15,disc,33.55,19.09,0.11,0.01,0.0,0.0,0,False
2,1,offense,50.21,24.27,-0.05,0.56,-0.47,2.67,14,False
2,2,offense,49.36,23.5,0.01,0.44,0.12,1.39,5,False
2,3,defense,48.02,23.07,0.32,-0.01,1.37,0.01,9,False
2,4,defense,46.32,23.49,0.52,0.1,2.51,0.02,6,False
2,5,defense,48.72,24.72,0.1,0.01,0.84,0.09,2,False
2,6,offense,48.11,24.62,0.28,0.16,2.25,1.27,4,False
2,7,defense,45.96,25.21,-0.55,-0.61,-2.4,-2.94,8,False
2,8,offense,44.43,24.94,-0.25,-0.0,-0.91,-0.24,7,False
2,9,offense,43.02,25.13,0.17,-0.08,1.06,-0.88,3,False
2,10,defense,42.22,24.04,-0.0,0.01,-0.66,-0.23,11,False
2,11,offense,41.32,24.54,0.04,-0.04,0.61,-0.32,10,False
2,12,defense,35.27,19.84,-0.06,-0.01,0.02,-0.3,13,False
2,13,offense,33.56,19.09,0.14,0.07,0.45,0.77,12,True
2,14,defense,50.69,23.0,-0.04,0.0,-0.29,-0.15,1,False
2,15,disc,33.56,19.09,0.14,0.07,0.45,0.77,0,False
3,1,offense,50.21,24.31,-0.07,0.69,-0.2,2.0,14,False
3,2,offense,49.37,23.53,0.02,0.53,0.27,1.23,5,False
3,3,defense,48.04,23.07,0.31,0.01,-0.16,0.37,9,False
3,4,defense,46.36,23.49,0.6,0.06,1.15,-0.59,6,False
3,5,defense,48.73,24.72,0.1,0.02,0.03,0.16,2,False
3,6,offense,48.13,24.62,0.32,0.2,0.58,0.7,4,False
3,7,defense,45.92,25.16,-0.61,-0.69,-0.86,-1.21,8,False
3,8,offense,44.4,24.94,-0.28,-0.0,-0.36,0.01,7,False
3,9,offense,43.03,25.13,0.22,-0.09,0.79,-0.23,3,False
3,10,defense,42.22,24.04,-0.0,-0.02,0.02,-0.52,11,False
3,11,offense,41.32,24.54,0.06,-0.06,0.36,-0.18,10,False
3,12,defense,35.26,19.84,-0.05,0.0,0.17,0.2,13,False
3,13,offense,33.57,19.1,0.13,0.09,-0.11,0.29,12,True
3,14,defense,50.69,23.01,-0.03,0.08,0.11,1.12,1,False
3,15,disc,33.57,19.1,0.13,0.09,-0.11,0.29,0,False
4,1,offense,50.2,24.39,-0.09,0.92,-0.36,3.36,14,False
4,2,offense,49.37,23.58,0.07,0.7,0.77,2.57,5,False
4,3,defense,48.08,23.07,0.25,0.05,-0.81,0.64,9,False
4,4,defense,46.42,23.5,0.7,0.02,1.45,-0.63,6,False
4,5,defense,48.75,24.72,0.1,0.04,0.02,0.39,2,False
4,6,offense,48.18,24.65,0.4,0.28,1.17,1.13,4,False
4,7,defense,45.85,25.08,-0.81,-0.93,-3.0,-3.68,8,False
4,8,offense,44.37,24.94,-0.35,-0.0,-1.12,0.0,7,False
4,9,offense,43.06,25.11,0.31,-0.13,1.45,-0.47,3,False
4,10,defense,42.21,24.04,-0.04,0.0,-0.49,0.33,11,False
4,11,offense,41.33,24.53,0.12,-0.08,0.8,-0.31,10,False
4,12,defense,35.26,19.83,-0.07,-0.04,-0.32,-0.64,13,False
4,13,offense,33.59,19.11,0.17,0.12,0.48,0.49,12,True
4,14,defense,50.68,23.01,-0.04,0.19,-0.02,1.76,1,False
4,15,disc,33.59,19.11,0.17,0.12,0.48,0.49,0,False
5,1,offense,50.19,24.47,-0.09,1.01,-0.04,1.44,14,False
5,2,offense,49.38,23.64,0.16,0.71,1.28,0.16,5,False
5,3,defense,48.09,23.07,0.08,0.1,-2.6,0.71,9,False
5,4,defense,46.48,23.49,0.65,-0.13,-0.67,-2.16,6,False
5,5,defense,48.75,24.73,0.15,0.07,0.68,0.38,2,False
5,6,offense,48.21,24.68,0.47,0.36,1.12,1.18,4,False
5,7,defense,45.8,25.01,-0.88,-1.05,-0.98,-1.77,8,False
5,8,offense,44.35,24.94,-0.35,-0.01,0.04,-0.07,7,False
5,9,offense,43.09,25.1,0.39,-0.15,1.11,-0.35,3,False
5,10,defense,42.21,24.03,-0.13,0.01,-1.36,0.16,11,False
5,11,offense,41.34,24.52,0.15,-0.09,0.48,-0.18,10,False
5,12,defense,35.26,19.84,-0.07,-0.1,0.03,-0.88,13,False
5,13,offense,33.6,19.12,0.12,0.15,-0.63,0.41,12,True
5,14,defense,50.68,23.03,-0.03,0.38,0.09,2.79,1,False
5,15,disc,33.6,19.12,0.12,0.15,-0.63,0.41,0,False
6,1,offense,50.18,24.54,-0.15,1.02,-0.78,0.1,14,False
6,2,offense,49.39,23.69,0.07,0.72,-1.31,0.21,5,False
6,3,defense,48.08,23.09,-0.03,0.15,-1.69,0.68,9,False
6,4,defense,46.52,23.48,0.66,-0.24,0.05,-1.71,6,False
6,5,defense,48.75,24.74,0.12,0.07,-0.39,0.08,2,False
6,6,offense,48.24,24.7,0.45,0.44,-0.39,1.25,4,False
6,7,defense,45.73,24.93,-0.98,-1.07,-1.49,-0.27,8,False
6,8,offense,44.32,24.94,-0.28,-0.01,1.05,-0.04,7,False
6,9,offense,43.12,25.09,0.43,-0.18,0.61,-0.4,3,False
6,10,defense,42.2,24.04,-0.21,0.03,-1.26,0.22,11,False
6,11,offense,41.36,24.51,0.18,-0.1,0.48,-0.24,10,False
6,12,defense,35.25,19.82,-0.07,-0.14,-0.11,-0.63,13,False
6,13,offense,33.61,19.13,0.1,0.17,-0.38,0.44,12,True
6,14,defense,50.68,23.07,-0.03,0.52,0.05,2.06,1,False
6,15,disc,33.61,19.13,0.1,0.17,-0.38,0.44,0,False
7,1,offense,50.17,24.61,-0.14,0.93,0.1,-1.35,14,False
7,2,offense,49.41,23.74,-0.03,0.68,-1.55,-0.57,5,False
7,3,defense,48.05,23.1,-0.26,0.15,-3.38,0.03,9,False
7,4,defense,46.54,23.44,0.53,-0.37,-1.94,-1.89,6,False
7,5,defense,48.77,24.74,0.04,0.12,-1.22,0.73,2,False
7,6,offense,48.27,24.74,0.29,0.44,-2.4,0.06,4,False
7,7,defense,45.66,24.86,-1.04,-1.02,-1.02,0.7,8,False
7,8,offense,44.31,24.94,-0.21,0.02,0.98,0.48,7,False
7,9,offense,43.15,25.08,0.41,-0.12,-0.33,0.77,3,False
7,10,defense,42.18,24.04,-0.27,0.02,-0.87,-0.06,11,False
7,11,offense,41.37,24.51,0.15,-0.1,-0.48,0.01,10,False
7,12,defense,35.25,19.81,-0.11,-0.18,-0.47,-0.58,13,False
7,13,offense,33.61,19.14,0.05,0.13,-0.69,-0.65,12,True
7,14,defense,50.68,23.13,-0.03,0.77,-0.07,3.76,1,False
7,15,disc,33.61,19.14,0.05,0.13,-0.69,-0.65,0,False
8,1,offense,50.16,24.65,-0.2,0.83,-0.94,-1.44,14,False
8,2,offense,49.39,23.77,-0.17,0.59,-2.06,-1.45,5,False
8,3,defense,48.03,23.12,-0.46,0.16,-3.04,0.15,9,False
8,4,defense,46.57,23.41,0.39,-0.4,-2.08,-0.49,6,False
8,5,defense,48.77,24.75,0.02,0.15,-0.41,0.36,2,False
8,6,offense,48.28,24.77,0.22,0.39,-1.06,-0.79,4,False
8,7,defense,45.6,24.8,-1.1,-1.03,-0.8,-0.16,8,False
8,8,offense,44.31,24.94,-0.16,0.02,0.8,0.0,7,False
8,9,offense,43.18,25.07,0.35,-0.09,-0.81,0.48,3,False
8,10,defense,42.15,24.05,-0.32,0.11,-0.82,1.28,11,False
8,11,offense,41.38,24.5,0.12,-0.08,-0.48,0.32,10,False
8,12,defense,35.24,19.79,-0.13,-0.27,-0.31,-1.28,13,False
8,13,offense,33.61,19.15,0.03,0.13,-0.32,-0.0,12,True
8,14,defense,50.68,23.18,-0.03,0.92,-0.03,2.24,1,False
8,15,disc,33.61,19.15,0.03,0.13,-0.32,-0.0,0,False
9,1,offense,50.15,24.7,-0.24,0.8,-0.63,-0.48,14,False
9,2,offense,49.36,23.81,-0.34,0.42,-2.53,-2.57,5,False
9,3,defense,47.99,23.12,-0.58,0.06,-1.74,-1.45,9,False
9,4,defense,46.6,23.37,0.33,-0.36,-0.81,0.64,6,False
9,5,defense,48.76,24.76,0.01,0.16,-0.05,0.25,2,False
9,6,offense,48.28,24.8,0.13,0.35,-1.31,-0.66,4,False
9,7,defense,45.51,24.74,-1.04,-0.96,0.95,1.12,8,False
9,8,offense,44.3,24.95,-0.11,0.02,0.8,0.0,7,False
9,9,offense,43.19,25.07,0.22,-0.03,-1.94,0.95,3,False
9,10,defense,42.13,24.05,-0.31,0.12,0.16,0.16,11,False
9,11,offense,41.38,24.49,0.04,-0.08,-1.12,-0.0,10,False
9,12,defense,35.23,19.77,-0.1,-0.3,0.33,-0.48,13,False
9,13,offense,33.61,19.15,-0.02,0.1,-0.8,-0.49,12,True
9,14,defense,50.67,23.26,-0.06,0.97,-0.33,0.8,1,False
9,15,disc,33.61,19.15,-0.02,0.1,-0.8,-0.49,0,False
10,1,offense,50.12,24.75,-0.29,0.8,-0.64,-0.0,14,False
10,2,offense,49.32,23.83,-0.5,0.29,-2.53,-1.93,5,False
10,3,defense,47.94,23.13,-0.71,-0.08,-2.05,-2.09,9,False
10,4,defense,46.61,23.36,0.3,-0.26,-0.5,1.44,6,False
10,5,defense,48.76,24.78,-0.07,0.19,-1.26,0.36,2,False
10,6,offense,48.29,24.81,0.0,0.28,-1.95,-1.06,4,False
10,7,defense,45.43,24.67,-0.96,-0.95,1.12,0.16,8,False
10,8,offense,44.3,24.95,-0.09,0.04,0.32,0.32,7,False
10,9,offense,43.2,25.07,0.1,0.03,-1.93,0.95,3,False
10,10,defense,42.11,24.07,-0.24,0.13,1.12,0.16,11,False
10,11,offense,41.38,24.49,0.01,-0.08,-0.48,-0.0,10,False
10,12,defense,35.22,19.75,-0.06,-0.35,0.65,-0.8,13,False
10,13,offense,33.61,19.16,-0.04,0.1,-0.32,-0.0,12,True
10,14,defense,50.67,23.34,-0.12,0.95,-0.95,-0.32,1,False
10,15,disc,33.61,19.16,-0.04,0.1,-0.32,-0.0,0,False
11,1,offense,50.1,24.81,-0.31,0.88,-0.34,1.28,14,False
11,2,offense,49.28,23.83,-0.51,0.18,-0.14,-1.6,5,False
11,3,defense,47.88,23.11,-0.89,-0.24,-2.69,-2.41,9,False
11,4,defense,46.63,23.36,0.2,-0.12,-1.47,2.07,6,False
11,5,defense,48.76,24.79,-0.09,0.29,-0.32,1.53,2,False
11,6,offense,48.28,24.82,-0.06,0.22,-0.84,-0.88,4,False
11,7,defense,45.39,24.61,-0.86,-0.93,1.44,0.32,8,False
11,8,offense,44.29,24.95,-0.09,0.07,-0.0,0.32,7,False
11,9,offense,43.19,25.08,-0.06,0.1,-2.26,0.95,3,False
11,10,defense,42.1,24.08,-0.18,0.14,0.8,0.16,11,False
11,11,offense,41.38,24.49,-0.05,-0.06,-0.97,0.32,10,False
11,12,defense,35.22,19.72,-0.04,-0.36,0.32,-0.16,13,False
11,13,offense,33.6,19.16,-0.07,0.09,-0.32,-0.16,12,True
11,14,defense,50.66,23.39,-0.18,0.96,-0.96,0.16,1,False
11,15,disc,33.6,19.16,-0.07,0.09,-0.32,-0.16,0,False
12,1,offense,50.08,24.87,-0.37,0.97,-0.97,1.27,14,False
12,2,offense,49.24,23.83,-0.46,0.08,0.82,-1.59,5,False
12,3,defense,47.81,23.08,-1.15,-0.41,-3.89,-2.56,9,False
12,4,defense,46.64,23.36,0.13,-0.02,-1.14,1.59,6,False
12,5,defense,48.75,24.81,-0.07,0.29,0.31,0.05,2,False
12,6,offense,48.27,24.83,-0.11,0.2,-0.8,-0.28,4,False
12,7,defense,45.34,24.54,-0.64,-0.86,3.35,0.97,8,False
12,8,offense,44.28,24.96,-0.04,0.1,0.64,0.48,7,False
12,9,offense,43.18,25.09,-0.21,0.13,-2.25,0.47,3,False
12,10,defense,42.1,24.09,-0.09,0.22,1.43,1.13,11,False
12,11,offense,41.38,24.48,-0.05,-0.04,-0.0,0.32,10,False
12,12,defense,35.23,19.69,0.0,-0.37,0.65,-0.16,13,False
12,13,offense,33.59,19.18,-0.09,0.14,-0.33,0.8,12,True
12,14,defense,50.64,23.44,-0.22,0.8,-0.61,-2.4,1,False
12,15,disc,33.59,19.18,-0.09,0.14,-0.33,0.8,0,False
13,1,offense,50.06,24.95,-0.31,0.98,0.96,0.16,14,False
13,2,offense,49.22,23.83,-0.36,-0.02,1.46,-1.43,5,False
13,3,defense,47.73,23.04,-1.38,-0.69,-3.39,-4.19,9,False
13,4,defense,46.64,23.37,0.08,0.03,-0.65,0.8,6,False
13,5,defense,48.74,24.84,-0.08,0.34,-0.12,0.63,2,False
13,6,offense,48.26,24.84,-0.26,0.31,-2.26,1.68,4,False
13,7,defense,45.31,24.49,-0.49,-0.72,2.22,2.09,8,False
13,8,offense,44.28,24.96,-0.0,0.15,0.63,0.8,7,False
13,9,offense,43.16,25.1,-0.33,0.16,-1.93,0.47,3,False
13,10,defense,42.09,24.1,-0.03,0.19,0.81,-0.32,11,False
13,11,offense,41.36,24.48,-0.09,-0.02,-0.48,0.32,10,False
13,12,defense,35.23,19.67,0.02,-0.34,0.32,0.48,13,False
13,13,offense,33.58,19.18,-0.11,0.1,-0.32,-0.64,12,True
13,14,defense,50.62,23.5,-0.31,0.71,-1.26,-1.28,1,False
13,15,disc,33.58,19.18,-0.11,0.1,-0.32,-0.64,0,False
14,1,offense,50.03,25.02,-0.27,0.94,0.65,-0.64,14,False
14,2,offense,49.21,23.83,-0.3,-0.04,0.96,-0.32,5,False
14,3,defense,47.61,22.98,-1.5,-0.8,-1.81,-1.67,9,False
14,4,defense,46.64,23.37,0.07,0.03,-0.16,-0.0,6,False
14,5,defense,48.74,24.86,-0.1,0.35,-0.28,0.15,2,False
14,6,offense,48.24,24.87,-0.41,0.48,-2.2,2.46,4,False
14,7,defense,45.29,24.45,-0.45,-0.63,0.62,1.44,8,False
14,8,offense,44.29,24.98,0.06,0.23,0.95,1.12,7,False
14,9,offense,43.13,25.11,-0.37,0.13,-0.48,-0.48,3,False
14,10,defense,42.1,24.12,-0.01,0.19,0.32,0.0,11,False
14,11,offense,41.36,24.48,-0.17,0.08,-1.3,1.44,10,False
14,12,defense,35.23,19.65,0.0,-0.29,-0.33,0.8,13,False
14,13,offense,33.58,19.2,-0.09,0.12,0.32,0.32,12,True
14,14,defense,50.6,23.53,-0.35,0.69,-0.63,-0.32,1,False
14,15,disc,33.58,19.2,-0.09,0.12,0.32,0.32,0,False
15,1,offense,50.02,25.07,-0.22,0.91,0.65,-0.48,14,False
15,2,offense,49.2,23.82,-0.23,-0.06,0.96,-0.32,5,False
15,3,defense,47.48,22.9,-1.55,-0.87,-0.69,-1.16,9,False
15,4,defense,46.64,23.37,0.03,0.09,-0.65,0.8,6,False
15,5,defense,48.73,24.89,-0.06,0.33,0.57,-0.28,2,False
15,6,offense,48.2,24.91,-0.52,0.65,-1.68,2.57,4,False
15,7,defense,45.27,24.42,-0.41,-0.45,0.61,2.72,8,False
15,8,offense,44.29,25.0,0.2,0.28,2.07,0.81,7,False
15,9,offense,43.09,25.12,-0.35,0.12,0.16,-0.16,3,False
15,10,defense,42.1,24.13,-0.01,0.13,0.01,-0.96,11,False
15,11,offense,41.35,24.49,-0.34,0.17,-2.58,1.43,10,False
15,12,defense,35.23,19.63,-0.04,-0.19,-0.66,1.44,13,False
15,13,offense,33.57,19.2,-0.07,0.08,0.33,-0.64,12,True
15,14,defense,50.57,23.57,-0.31,0.66,0.65,-0.48,1,False
15,15,disc,33.57,19.2,-0.07,0.08,0.33,-0.64,0,False
16,1,offense,50.01,25.12,-0.18,0.85,0.65,-0.8,14,False
16,2,offense,49.18,23.82,-0.27,-0.08,-0.48,-0.32,5,False
16,3,defense,47.38,22.84,-1.52,-0.93,0.45,-0.91,9,False
16,4,defense,46.65,23.37,0.06,0.05,0.49,-0.53,6,False
16,5,defense,48.72,24.91,-0.04,0.23,0.35,-1.5,2,False
16,6,offense,48.15,24.98,-0.69,0.82,-2.6,2.52,4,False
16,7,defense,45.23,24.4,-0.39,-0.34,0.3,1.6,8,False
16,8,offense,44.31,25.02,0.35,0.33,2.23,0.81,7,False
16,9,offense,43.07,25.12,-0.26,0.11,1.45,-0.15,3,False
16,10,defense,42.1,24.14,0.01,0.01,0.34,-1.76,11,False
16,11,offense,41.32,24.51,-0.51,0.32,-2.43,2.23,10,False
16,12,defense,35.22,19.63,-0.04,-0.13,-0.01,0.96,13,False
16,13,offense,33.57,19.2,-0.08,0.08,-0.16,-0.0,12,True
16,14,defense,50.55,23.62,-0.26,0.59,0.65,-1.12,1,False
16,15,disc,33.57,19.2,-0.08,0.08,-0.16,-0.0,0,False
17,1,offense,50.0,25.18,-0.12,0.89,0.95,0.48,14,False
17,2,offense,49.17,23.81,-0.32,-0.11,-0.8,-0.32,5,False
17,3,defense,47.3,22.79,-1.29,-0.89,3.42,0.72,9,False
17,4,defense,46.65,23.39,0.1,0.04,0.48,-0.16,6,False
17,5,defense,48.72,24.92,-0.09,0.2,-0.73,-0.34,2,False
17,6,offense,48.1,25.04,-0.83,0.96,-2.11,2.14,4,False
17,7,defense,45.21,24.39,-0.4,-0.23,-0.18,1.6,8,False
17,8,offense,44.35,25.05,0.52,0.32,2.57,-0.15,7,False
17,9,offense,43.06,25.13,-0.1,0.08,2.41,-0.47,3,False
17,10,defense,42.1,24.13,-0.01,-0.16,-0.29,-2.56,11,False
17,11,offense,41.26,24.54,-0.81,0.54,-4.53,3.34,10,False
17,12,defense,35.21,19.63,-0.04,-0.06,-0.01,0.96,13,False
17,13,offense,33.57,19.2,-0.11,0.04,-0.48,-0.48,12,True
17,14,defense,50.54,23.66,-0.2,0.62,0.95,0.48,1,False
17,15,disc,33.57,19.2,-0.11,0.04,-0.48,-0.48,0,False
18,1,offense,50.0,25.23,-0.1,0.97,0.3,1.28,14,False
18,2,offense,49.13,23.8,-0.39,-0.12,-1.12,-0.16,5,False
18,3,defense,47.22,22.73,-1.1,-0.73,2.8,2.41,9,False
18,4,defense,46.66,23.38,0.13,0.04,0.48,0.0,6,False
18,5,defense,48.73,24.92,-0.13,0.12,-0.6,-1.26,2,False
18,6,offense,48.03,25.11,-0.97,0.96,-2.07,0.08,4,False
18,7,defense,45.18,24.38,-0.37,-0.18,0.47,0.8,8,False
18,8,offense,44.4,25.07,0.69,0.31,2.57,-0.15,7,False
18,9,offense,43.07,25.14,0.12,0.01,3.22,-0.95,3,False
18,10,defense,42.1,24.1,-0.08,-0.3,-1.1,-2.08,11,False
18,11,offense,41.2,24.59,-1.1,0.8,-4.38,3.82,10,False
18,12,defense,35.21,19.63,-0.04,-0.02,-0.01,0.64,13,False
18,13,offense,33.56,19.21,-0.2,0.14,-1.3,1.44,12,True
18,14,defense,50.53,23.7,-0.11,0.59,1.28,-0.47,1,False
18,15,disc,33.56,19.21,-0.2,0.14,-1.3,1.44,0,False
19,1,offense,49.99,25.32,-0.08,1.09,0.3,1.76,14,False
19,2,offense,49.1,23.8,-0.38,-0.15,0.17,-0.48,5,False
19,3,defense,47.18,22.69,-1.09,-0.68,0.14,0.75,9,False
19,4,defense,46.67,23.38,0.1,0.07,-0.45,0.37,6,False
19,5,defense,48.71,24.93,-0.17,0.08,-0.7,-0.54,2,False
19,6,offense,47.97,25.18,-1.03,0.84,-0.87,-1.84,4,False
19,7,defense,45.16,24.37,-0.33,-0.15,0.63,0.48,8,False
19,8,offense,44.46,25.09,0.86,0.26,2.57,-0.79,7,False
19,9,offense,43.09,25.14,0.35,0.01,3.53,0.01,3,False
19,10,defense,42.09,24.07,-0.3,-0.36,-3.2,-0.97,11,False
19,11,offense,41.09,24.66,-1.3,1.12,-2.94,4.79,10,False
19,12,defense,35.21,19.63,-0.02,0.0,0.32,0.32,13,False
19,13,offense,33.54,19.22,-0.38,0.22,-2.75,1.27,12,True
19,14,defense,50.53,23.73,-0.03,0.57,1.28,-0.31,1,False
19,15,disc,33.54,19.22,-0.38,0.22,-2.75,1.27,0,False
20,1,offense,49.99,25.4,-0.08,1.18,-0.02,1.44,14,False
20,2,offense,49.07,23.79,-0.42,-0.21,-0.63,-0.96,5,False
20,3,defense,47.11,22.66,-1.16,-0.54,-1.09,2.04,9,False
20,4,defense,46.69,23.38,0.15,0.06,0.8,-0.16,6,False
20,5,defense,48.69,24.93,-0.23,0.08,-0.9,-0.05,2,False
20,6,offense,47.88,25.23,-1.13,0.68,-1.6,-2.43,4,False
20,7,defense,45.14,24.36,-0.3,-0.17,0.48,-0.32,8,False
20,8,offense,44.52,25.1,0.91,0.21,0.65,-0.8,7,False
20,9,offense,43.13,25.13,0.52,-0.03,2.57,-0.63,3,False
20,10,defense,42.07,24.03,-0.54,-0.33,-3.7,0.47,11,False
20,11,offense,40.99,24.75,-1.45,1.54,-2.32,6.39,10,False
20,12,defense,35.21,19.63,-0.0,0.02,0.32,0.32,13,False
20,13,offense,33.5,19.24,-0.56,0.34,-2.76,1.75,12,True
20,14,defense,50.53,23.77,0.01,0.58,0.64,0.16,1,False
20,15,disc,33.5,19.24,-0.56,0.34,-2.76,1.75,0,False
21,1,offense,49.99,25.49,-0.08,1.24,-0.01,0.8,14,False
21,2,offense,49.06,23.77,-0.43,-0.3,-0.14,-1.28,5,False
21,3,defense,47.02,22.62,-1.32,-0.34,-2.4,3.05,9,False
21,4,defense,46.69,23.39,0.19,0.16,0.51,1.55,6,False
21,5,defense,48.67,24.93,-0.33,0.11,-1.48,0.47,2,False
21,6,offense,47.81,25.26,-1.21,0.56,-1.06,-1.81,4,False
21,7,defense,45.13,24.35,-0.26,-0.2,0.49,-0.48,8,False
21,8,offense,44.6,25.11,0.92,0.18,0.27,-0.39,7,False
21,9,offense,43.19,25.13,0.67,-0.03,2.24,0.01,3,False
21,10,defense,42.0,24.02,-0.79,-0.19,-3.71,2.07,11,False
21,11,offense,40.89,24.88,-1.61,1.91,-2.31,5.43,10,False
21,12,defense,35.21,19.63,-0.0,0.07,-0.01,0.64,13,False
21,13,offense,33.44,19.28,-0.65,0.43,-1.3,1.28,12,True
21,14,defense,50.54,23.81,0.06,0.66,0.62,1.28,1,False
21,15,disc,33.44,19.28,-0.65,0.43,-1.3,1.28,0,False
22,1,offense,49.98,25.57,-0.06,1.18,0.33,-0.8,14,False
22,2,offense,49.02,23.74,-0.42,-0.4,0.18,-1.6,5,False
22,3,defense,46.91,22.61,-1.58,-0.17,-3.82,2.45,9,False
22,4,defense,46.7,23.4,0.21,0.4,0.44,3.68,6,False
22,5,defense,48.65,24.94,-0.33,0.13,0.01,0.28,2,False
22,6,offense,47.72,25.27,-1.24,0.38,-0.58,-2.67,4,False
22,7,defense,45.11,24.34,-0.2,-0.25,0.97,-0.8,8,False
22,8,offense,44.65,25.12,0.9,0.16,-0.32,-0.32,7,False
22,9,offense,43.24,25.12,0.78,0.02,1.6,0.65,3,False
22,10,defense,41.92,24.02,-1.22,0.04,-6.46,3.49,11,False
22,11,offense,40.78,25.05,-1.67,2.21,-1.02,4.64,10,False
22,12,defense,35.21,19.63,-0.09,0.18,-1.31,1.76,13,False
22,13,offense,33.38,19.31,-0.73,0.61,-1.16,2.72,12,True
22,14,defense,50.54,23.86,0.05,0.73,-0.01,0.96,1,False
22,15,disc,33.38,19.31,-0.73,0.61,-1.16,2.72,0,False
23,1,offense,49.97,25.65,-0.06,1.11,0.01,-1.12,14,False
23,2,offense,48.99,23.7,-0.43,-0.47,-0.15,-0.96,5,False
23,3,defense,46.78,22.61,-1.74,-0.03,-2.48,2.21,9,False
23,4,defense,46.73,23.44,0.28,0.65,0.92,3.68,6,False
23,5,defense,48.62,24.96,-0.35,0.23,-0.34,1.53,2,False
23,6,offense,47.63,25.3,-1.18,0.32,0.91,-0.87,4,False
23,7,defense,45.09,24.31,-0.16,-0.36,0.66,-1.6,8,False
23,8,offense,44.7,25.14,0.9,0.17,-0.0,0.16,7,False
23,9,offense,43.3,25.13,0.8,0.14,0.3,1.92,3,False
23,10,defense,41.83,24.04,-1.78,0.32,-8.39,4.13,11,False
23,11,offense,40.66,25.22,-1.72,2.6,-0.71,5.76,10,False
23,12,defense,35.21,19.65,-0.24,0.38,-2.29,2.88,13,False
23,13,offense,33.34,19.35,-0.63,0.69,1.43,1.19,12,True
23,14,defense,50.55,23.92,0.04,0.76,-0.17,0.48,1,False
23,15,disc,33.34,19.35,-0.63,0.69,1.43,1.19,0,False
24,1,offense,49.97,25.71,-0.08,1.02,-0.3,-1.28,14,False
24,2,offense,48.96,23.66,-0.52,-0.51,-1.27,-0.64,5,False
24,3,defense,46.65,22.63,-1.8,0.15,-0.86,2.56,9,False
24,4,defense,46.75,23.52,0.33,0.85,0.85,2.94,6,False
24,5,defense,48.6,24.97,-0.34,0.35,0.12,1.82,2,False
24,6,offense,47.55,25.31,-1.25,0.34,-0.97,0.32,4,False
24,7,defense,45.09,24.29,-0.07,-0.42,1.29,-0.95,8,False
24,8,offense,44.76,25.14,0.89,0.2,-0.17,0.48,7,False
24,9,offense,43.35,25.14,0.75,0.21,-0.81,0.96,3,False
24,10,defense,41.69,24.08,-2.09,0.5,-4.69,2.7,11,False
24,11,offense,40.54,25.4,-1.83,2.83,-1.65,3.51,10,False
24,12,defense,35.18,19.69,-0.42,0.68,-2.63,4.64,13,False
24,13,offense,33.3,19.42,-0.37,0.76,3.9,1.07,12,True
24,14,defense,50.55,23.98,-0.01,0.75,-0.8,-0.16,1,False
24,15,disc,33.3,19.42,-0.37,0.76,3.9,1.07,0,False
25,1,offense,49.97,25.77,-0.02,0.95,0.81,-1.11,14,False
25,2,offense,48.93,23.63,-0.5,-0.49,0.32,0.32,5,False
25,3,defense,46.53,22.65,-1.82,0.21,-0.25,1.01,9,False
25,4,defense,46.78,23.6,0.32,0.99,-0.19,2.24,6,False
25,5,defense,48.57,25.01,-0.39,0.54,-0.74,2.81,2,False
25,6,offense,47.48,25.34,-1.24,0.39,0.11,0.63,4,False
25,7,defense,45.09,24.24,0.06,-0.49,1.93,-0.95,8,False
25,8,offense,44.83,25.16,0.99,0.21,1.44,0.16,7,False
25,9,offense,43.4,25.18,0.74,0.29,-0.02,1.28,3,False
25,10,defense,41.48,24.14,-2.42,0.72,-4.86,3.34,11,False
25,11,offense,40.41,25.62,-1.94,2.99,-1.63,2.39,10,False
25,12,defense,35.13,19.75,-0.6,1.02,-2.79,4.99,13,False
25,13,offense,33.29,19.47,-0.15,0.75,3.39,-0.14,12,True
25,14,defense,50.54,24.02,-0.08,0.77,-1.12,0.31,1,False
25,15,disc,33.29,19.47,0.82,2.78,17.81,30.32,0,False
26,1,offense,49.96,25.83,0.03,0.92,0.81,-0.48,14,False
26,2,offense,48.88,23.6,-0.43,-0.43,0.95,0.96,5,False
26,3,defense,46.42,22.67,-1.76,0.18,0.83,-0.51,9,False
26,4,defense,46.8,23.67,0.25,1.14,-1.09,2.18,6,False
26,5,defense,48.55,25.05,-0.4,0.67,-0.04,1.94,2,False
26,6,offense,47.39,25.37,-1.19,0.36,0.76,-0.4,4,False
26,7,defense,45.1,24.21,0.19,-0.47,1.92,0.33,8,False
26,8,offense,44.89,25.18,1.09,0.21,1.55,-0.02,7,False
26,9,offense,43.44,25.2,0.72,0.27,-0.32,-0.32,3,False
26,10,defense,41.3,24.19,-2.86,1.0,-6.63,4.3,11,False
26,11,offense,40.27,25.83,-2.04,3.22,-1.48,3.36,10,False
26,12,defense,35.07,19.85,-0.81,1.32,-3.11,4.48,13,False
26,13,offense,33.32,19.53,-0.02,0.74,1.94,-0.15,12,True
26,14,defense,50.53,24.06,-0.16,0.68,-1.1,-1.28,1,False
26,15,disc,33.32,19.53,1.94,4.8,16.84,30.3,0,False
27,1,offense,49.97,25.89,0.06,0.88,0.49,-0.64,14,False
27,2,offense,48.86,23.58,-0.39,-0.3,0.62,1.92,5,False
27,3,defense,46.3,22.68,-1.73,0.14,0.5,-0.57,9,False
27,4,defense,46.81,23.74,0.18,1.11,-0.95,-0.48,6,False
27,5,defense,48.52,25.12,-0.44,0.76,-0.66,1.28,2,False
27,6,offense,47.31,25.4,-1.14,0.44,0.78,1.28,4,False
27,7,defense,45.13,24.17,0.25,-0.44,0.96,0.32,8,False
27,8,offense,44.98,25.19,1.21,0.27,1.75,0.81,7,False
27,9,offense,43.49,25.22,0.76,0.23,0.49,-0.64,3,False
27,10,defense,41.11,24.26,-3.05,1.24,-2.93,3.51,11,False
27,11,offense,40.13,26.05,-2.1,3.54,-0.86,4.8,10,False
27,12,defense,35.01,19.97,-0.8,1.52,0.13,3.05,13,False
27,13,offense,33.33,19.56,0.16,0.51,2.62,-3.52,12,False
27,14,defense,50.51,24.11,-0.19,0.6,-0.46,-1.28,1,False
27,15,disc,33.65,20.24,3.07,6.72,17.01,28.85,0,False
28,1,offense,49.98,25.95,0.09,0.89,0.48,0.16,14,False
28,2,offense,48.84,23.56,-0.31,-0.2,1.26,1.44,5,False
28,3,defense,46.19,22.67,-1.78,0.14,-0.7,-0.04,9,False
28,4,defense,46.81,23.82,0.05,1.0,-1.96,-1.59,6,False
28,5,defense,48.48,25.18,-0.41,0.77,0.52,0.21,2,False
28,6,offense,47.24,25.42,-1.09,0.44,0.66,-0.07,4,False
28,7,defense,45.15,24.16,0.31,-0.29,0.93,2.24,8,False
28,8,offense,45.07,25.21,1.39,0.32,2.71,0.81,7,False
28,9,offense,43.54,25.22,0.87,0.13,1.78,-1.43,3,False
28,10,defense,40.88,24.37,-2.95,1.46,1.56,3.37,11,False
28,11,offense,39.98,26.29,-2.18,3.67,-1.31,2.08,10,False
28,12,defense,34.94,20.09,-0.74,1.64,0.95,1.77,13,False
28,13,offense,33.34,19.6,0.13,0.22,-0.41,-4.29,12,False
28,14,defense,50.5,24.14,-0.2,0.59,-0.16,-0.16,1,False
28,15,disc,33.99,20.95,4.09,8.69,15.24,29.41,0,False
29,1,offense,49.99,26.0,0.22,0.82,1.93,-0.95,14,False
29,2,offense,48.83,23.56,-0.23,-0.07,1.1,1.92,5,False
29,3,defense,46.07,22.67,-1.9,0.11,-1.86,-0.44,9,False
29,4,defense,46.81,23.89,0.02,0.97,-0.44,-0.43,6,False
29,5,defense,48.45,25.23,-0.36,0.71,0.71,-0.94,2,False
29,6,offense,47.17,25.46,-0.94,0.39,2.26,-0.77,4,False
29,7,defense,45.17,24.14,0.38,-0.13,0.93,2.4,8,False
29,8,offense,45.16,25.23,1.63,0.42,3.67,1.45,7,False
29,9,offense,43.6,25.22,1.02,0.07,2.26,-0.95,3,False
29,10,defense,40.67,24.49,-3.04,1.8,-1.35,5.12,11,False
29,11,offense,39.84,26.58,-2.2,3.92,-0.2,3.68,10,False
29,12,defense,34.92,20.19,-0.65,1.57,1.3,-0.96,13,False
29,13,offense,33.35,19.59,-0.02,-0.19,-2.27,-6.13,12,False
29,14,defense,50.49,24.18,-0.19,0.64,0.15,0.8,1,False
29,15,disc,34.32,21.66,5.02,10.63,13.9,29.2,0,False
30,1,offense,50.0,26.06,0.29,0.87,0.95,0.64,14,False
30,2,offense,48.82,23.56,-0.21,0.04,0.3,1.76,5,False
30,3,defense,45.94,22.69,-2.09,0.13,-2.84,0.31,9,False
30,4,defense,46.79,23.93,-0.02,0.93,-0.63,-0.64,6,False
30,5,defense,48.44,25.26,-0.18,0.55,2.75,-2.39,2,False
30,6,offense,47.12,25.49,-0.79,0.4,2.24,0.17,4,False
30,7,defense,45.19,24.15,0.39,0.03,0.29,2.4,8,False
30,8,offense,45.29,25.27,1.81,0.56,2.7,2.09,7,False
30,9,offense,43.69,25.22,1.09,0.04,0.97,-0.48,3,False
30,10,defense,40.49,24.63,-3.09,2.21,-0.71,6.08,11,False
30,11,offense,39.69,26.84,-2.16,4.14,0.6,3.36,10,False
30,12,defense,34.89,20.3,-0.51,1.44,2.12,-1.97,13,False
30,13,offense,33.34,19.55,-0.1,-0.49,-1.24,-4.5,12,False
30,14,defense,50.48,24.22,-0.1,0.68,1.27,0.64,1,False
30,15,disc,34.66,22.37,5.01,10.63,-0.03,-0.05,0,False
31,1,offense,50.03,26.1,0.45,0.94,2.38,1.12,14,False
31,2,offense,48.81,23.57,-0.21,0.23,0.13,2.72,5,False
31,3,defense,45.79,22.7,-2.25,0.21,-2.45,1.23,9,False
31,4,defense,46.8,24.0,-0.01,0.89,0.06,-0.64,6,False
31,5,defense,48.43,25.29,0.05,0.41,3.38,-2.06,2,False
31,6,offense,47.08,25.5,-0.66,0.43,2.07,0.49,4,False
31,7,defense,45.23,24.16,0.44,0.19,0.61,2.4,8,False
31,8,offense,45.44,25.32,1.98,0.66,2.49,1.54,7,False
31,9,offense,43.78,25.22,1.21,0.17,1.74,1.92,3,False
31,10,defense,40.29,24.79,-3.0,2.49,1.23,4.17,11,False
31,11,offense,39.54,27.14,-2.11,4.26,0.62,1.76,10,False
31,12,defense,34.86,20.38,-0.3,1.31,3.08,-1.91,13,False
31,13,offense,33.31,19.47,-0.18,-0.89,-1.07,-5.94,12,False
31,14,defense,50.47,24.28,-0.05,0.76,0.78,1.12,1,False
31,15,disc,34.99,23.08,5.01,10.62,-0.03,-0.05,0,False
32,1,offense,50.07,26.18,0.7,1.13,3.8,2.89,14,False
32,2,offense,48.79,23.59,-0.22,0.4,-0.19,2.56,5,False
32,3,defense,45.61,22.72,-2.41,0.33,-2.33,1.75,9,False
32,4,defense,46.8,24.05,-0.01,0.88,0.0,-0.16,6,False
32,5,defense,48.46,25.31,0.41,0.27,5.46,-2.06,2,False
32,6,offense,47.04,25.53,-0.54,0.46,1.75,0.49,4,False
32,7,defense,45.26,24.18,0.47,0.35,0.45,2.4,8,False
32,8,offense,45.58,25.38,2.08,0.74,1.54,1.24,7,False
32,9,offense,43.85,25.23,1.25,0.34,0.61,2.56,3,False
32,10,defense,40.08,25.0,-2.88,2.78,1.87,4.33,11,False
32,11,offense,39.41,27.43,-2.04,4.22,1.13,-0.64,10,False
32,12,defense,34.84,20.45,-0.27,1.19,0.5,-1.92,13,False
32,13,offense,33.3,19.4,-0.26,-1.18,-1.24,-4.34,12,False
32,14,defense,50.48,24.34,-0.02,0.83,0.46,1.12,1,False
32,15,disc,35.32,23.78,5.01,10.62,-0.03,-0.05,0,False
33,1,offense,50.13,26.26,0.95,1.31,3.8,2.72,14,False
33,2,offense,48.78,23.64,-0.25,0.59,-0.52,2.87,5,False
33,3,defense,45.44,22.74,-2.49,0.48,-1.18,2.29,9,False
33,4,defense,46.8,24.11,0.04,0.96,0.89,1.26,6,False
33,5,defense,48.5,25.32,0.78,0.18,5.53,-1.36,2,False
33,6,offense,47.02,25.56,-0.44,0.56,1.54,1.43,4,False
33,7,defense,45.3,24.22,0.52,0.41,0.79,0.96,8,False
33,8,offense,45.73,25.43,2.11,0.76,0.5,0.25,7,False
33,9,offense,43.94,25.27,1.2,0.51,-0.67,2.56,3,False
33,10,defense,39.88,25.2,-2.8,3.29,1.2,7.69,11,False
33,11,offense,39.28,27.71,-1.95,4.18,1.29,-0.64,10,False
33,12,defense,34.84,20.52,-0.23,1.05,0.67,-2.08,13,False
33,13,offense,33.28,19.3,-0.24,-1.35,0.34,-2.67,12,False
33,14,defense,50.48,24.4,0.02,0.86,0.63,0.48,1,False
33,15,disc,35.66,24.49,5.01,10.62,-0.03,-0.05,0,False
34,1,offense,50.22,26.38,1.13,1.56,2.67,3.68,14,False
34,2,offense,48.76,23.69,-0.2,0.72,0.78,1.92,5,False
34,3,defense,45.27,22.78,-2.47,0.77,0.26,4.39,9,False
34,4,defense,46.8,24.18,0.0,0.96,-0.64,-0.0,6,False
34,5,defense,48.59,25.32,1.11,0.11,4.97,-1.1,2,False
34,6,offense,46.99,25.61,-0.29,0.73,2.26,2.59,4,False
34,7,defense,45.33,24.25,0.61,0.45,1.43,0.64,8,False
34,8,offense,45.86,25.48,2.02,0.71,-1.43,-0.69,7,False
34,9,offense,44.02,25.33,1.16,0.72,-0.68,3.19,3,False
34,10,defense,39.71,25.42,-2.54,3.7,3.94,6.1,11,False
34,11,offense,39.16,27.98,-1.86,4.08,1.46,-1.44,10,False
34,12,defense,34.83,20.59,-0.21,0.9,0.19,-2.25,13,False
34,13,offense,33.26,19.19,-0.13,-1.37,1.65,-0.22,12,False
34,14,defense,50.48,24.45,0.11,0.84,1.28,-0.31,1,False
34,15,disc,35.99,25.2,5.01,10.61,-0.03,-0.05,0,False
35,1,offense,50.32,26.5,1.47,1.67,5.09,1.61,14,False
35,2,offense,48.74,23.76,-0.12,0.83,1.26,1.76,5,False
35,3,defense,45.11,22.85,-2.32,1.1,2.21,4.83,9,False
35,4,defense,46.81,24.25,0.02,1.0,0.31,0.64,6,False
35,5,defense,48.7,25.32,1.39,0.04,4.17,-1.1,2,False
35,6,offense,46.97,25.67,-0.1,1.0,2.83,4.0,4,False
35,7,defense,45.37,24.28,0.74,0.55,1.9,1.45,8,False
35,8,offense,45.99,25.52,1.94,0.62,-1.13,-1.4,7,False
35,9,offense,44.09,25.39,1.16,0.87,0.13,2.24,3,False
35,10,defense,39.56,25.72,-2.25,3.92,4.3,3.38,11,False
35,11,offense,39.03,28.24,-1.81,4.05,0.65,-0.48,10,False
35,12,defense,34.81,20.65,-0.22,0.69,-0.13,-3.18,13,False
35,13,offense,33.26,19.09,0.01,-1.36,2.09,0.17,12,False
35,14,defense,50.48,24.51,0.14,0.81,0.49,-0.48,1,False
35,15,disc,36.33,25.91,5.0,10.61,-0.03,-0.05,0,False
36,1,offense,50.41,26.62,1.72,1.75,3.82,1.29,14,False
36,2,offense,48.74,23.81,-0.03,0.78,1.29,-0.79,5,False
36,3,defense,44.96,22.96,-2.23,1.54,1.36,6.72,9,False
36,4,defense,46.8,24.32,0.08,0.92,0.82,-1.28,6,False
36,5,defense,48.8,25.32,1.65,0.05,3.83,0.17,2,False
36,6,offense,46.98,25.74,0.12,1.28,3.31,4.16,4,False
36,7,defense,45.43,24.31,0.85,0.54,1.6,-0.15,8,False
36,8,offense,46.11,25.56,1.85,0.52,-1.42,-1.54,7,False
36,9,offense,44.16,25.46,1.14,0.88,-0.32,0.16,3,False
36,10,defense,39.44,26.02,-1.85,4.27,6.04,5.3,11,False
36,11,offense,38.92,28.5,-1.68,4.03,1.93,-0.31,10,False
36,12,defense,34.79,20.68,-0.24,0.5,-0.29,-2.73,13,False
36,13,offense,33.27,19.01,0.28,-1.17,4.0,2.75,12,False
36,14,defense,50.51,24.56,0.31,0.91,2.54,1.45,1,False
36,15,disc,36.66,26.61,5.0,10.61,-0.03,-0.05,0,False
37,1,offense,50.56,26.73,1.82,1.71,1.44,-0.64,14,False
37,2,offense,48.75,23.87,0.17,0.68,3.06,-1.43,5,False
37,3,defense,44.83,23.08,-2.11,1.96,1.86,6.27,9,False
37,4,defense,46.81,24.38,0.11,0.8,0.48,-1.83,6,False
37,5,defense,48.92,25.32,1.7,0.12,0.78,1.12,2,False
37,6,offense,47.01,25.87,0.39,1.51,3.96,3.53,4,False
37,7,defense,45.51,24.36,0.99,0.53,2.08,-0.15,8,False
37,8,offense,46.23,25.58,1.8,0.41,-0.7,-1.65,7,False
37,9,offense,44.24,25.52,1.14,0.84,0.01,-0.64,3,False
37,10,defense,39.33,26.3,-1.51,4.69,5.07,6.26,11,False
37,11,offense,38.81,28.78,-1.72,4.18,-0.58,2.24,10,False
37,12,defense,34.77,20.68,-0.22,0.33,0.35,-2.57,13,False
37,13,offense,33.3,18.95,0.59,-0.97,4.64,3.07,12,False
37,14,defense,50.53,24.61,0.57,1.13,3.95,3.37,1,False
37,15,disc,36.99,27.32,5.0,10.6,-0.03,-0.05,0,False
38,1,offense,50.7,26.85,2.04,1.64,3.37,-1.11,14,False
38,2,offense,48.77,23.9,0.55,0.53,5.63,-2.37,5,False
38,3,defense,44.7,23.26,-1.97,2.34,2.07,5.65,9,False
38,4,defense,46.83,24.42,0.12,0.65,0.13,-2.23,6,False
38,5,defense,49.05,25.33,1.6,0.14,-1.54,0.27,2,False
38,6,offense,47.06,25.99,0.67,1.68,4.23,2.51,4,False
38,7,defense,45.58,24.4,1.08,0.54,1.44,0.17,8,False
38,8,offense,46.34,25.6,1.69,0.26,-1.62,-2.24,7,False
38,9,offense,44.32,25.57,1.18,0.74,0.5,-1.44,3,False
38,10,defense,39.26,26.63,-1.21,4.77,4.56,1.2,11,False
38,11,offense,38.71,29.06,-1.77,4.55,-0.7,5.53,10,False
38,12,defense,34.76,20.69,-0.06,0.14,2.45,-2.88,13,False
38,13,offense,33.37,18.91,0.93,-0.71,5.12,3.88,12,False
38,14,defense,50.58,24.7,0.89,1.39,4.74,3.85,1,False
38,15,disc,37.33,28.03,5.0,10.6,-0.03,-0.05,0,False
39,1,offense,50.83,26.95,2.36,1.59,4.8,-0.63,14,False
39,2,offense,48.82,23.92,0.94,0.42,5.94,-1.57,5,False
39,3,defense,44.57,23.44,-1.84,2.7,1.96,5.4,9,False
39,4,defense,46.84,24.44,0.22,0.57,1.45,-1.11,6,False
39,5,defense,49.16,25.36,1.58,0.29,-0.35,2.23,2,False
39,6,offense,47.12,26.12,0.89,1.84,3.23,2.36,4,False
39,7,defense,45.66,24.43,1.04,0.52,-0.64,-0.32,8,False
39,8,offense,46.46,25.62,1.69,0.14,0.02,-1.83,7,False
39,9,offense,44.4,25.61,1.27,0.56,1.47,-2.71,3,False
39,10,defense,39.21,26.98,-1.01,4.86,2.88,1.29,11,False
39,11,offense,38.58,29.38,-1.8,4.95,-0.39,6.07,10,False
39,12,defense,34.75,20.7,0.32,0.07,5.65,-1.1,13,False
39,13,offense,33.46,18.87,1.28,-0.52,5.29,2.92,12,False
39,14,defense,50.67,24.83,1.21,1.71,4.89,4.81,1,False
39,15,disc,37.66,28.73,5.0,10.6,-0.03,-0.05,0,False
40,1,offense,51.0,27.05,2.57,1.56,3.04,-0.47,14,False
40,2,offense,48.92,23.93,1.38,0.33,6.57,-1.41,5,False
40,3,defense,44.46,23.63,-1.77,2.99,1.07,4.32,9,False
40,4,defense,46.85,24.47,0.32,0.56,1.6,-0.15,6,False
40,5,defense,49.23,25.37,1.56,0.48,-0.2,2.87,2,False
40,6,offense,47.2,26.23,1.09,1.76,3.05,-1.11,4,False
40,7,defense,45.73,24.46,1.01,0.46,-0.47,-0.8,8,False
40,8,offense,46.56,25.61,1.71,0.08,0.21,-0.86,7,False
40,9,offense,44.48,25.64,1.45,0.41,2.59,-2.23,3,False
40,10,defense,39.16,27.31,-0.79,4.99,3.35,1.93,11,False
40,11,offense,38.44,29.75,-1.67,5.15,1.89,3.04,10,False
40,12,defense,34.79,20.69,0.72,0.12,5.95,0.83,13,False
40,13,offense,33.57,18.86,1.64,-0.37,5.3,2.11,12,False
40,14,defense,50.78,24.97,1.61,2.07,6.0,5.45,1,False
40,15,disc,37.99,29.44,3.77,9.53,-18.39,-15.98,0,False
41,1,offense,51.2,27.15,2.77,1.4,3.06,-2.39,14,False
41,2,offense,49.05,23.95,1.84,0.31,6.88,-0.29,5,False
41,3,defense,44.35,23.86,-1.65,3.0,1.76,0.17,9,False
41,4,defense,46.88,24.51,0.45,0.65,1.95,1.28,6,False
41,5,defense,49.33,25.42,1.54,0.63,-0.35,2.23,2,False
41,6,offense,47.28,26.36,1.28,1.73,2.88,-0.47,4,False
41,7,defense,45.78,24.49,1.03,0.53,0.31,0.96,8,False
41,8,offense,46.67,25.6,1.76,0.1,0.79,0.32,7,False
41,9,offense,44.59,25.65,1.57,0.3,1.78,-1.75,3,False
41,10,defense,39.1,27.64,-0.72,4.96,1.13,-0.32,11,False
41,11,offense,38.33,30.15,-1.65,5.47,0.27,4.79,10,True
41,12,defense,34.89,20.7,1.09,0.16,5.63,0.51,13,False
41,13,offense,33.7,18.84,1.84,-0.28,3.05,1.46,12,False
41,14,defense,50.91,25.13,1.98,2.37,5.53,4.49,1,False
41,15,disc,38.33,30.15,2.51,8.56,-18.89,-14.53,0,False
42,1,offense,51.41,27.25,3.19,1.34,6.23,-0.94,14,False
42,2,offense,49.21,23.98,2.26,0.33,6.23,0.34,5,False
42,3,defense,44.24,24.08,-1.35,3.11,4.46,1.68,9,False
42,4,defense,46.92,24.57,0.61,0.85,2.4,3.03,6,False
42,5,defense,49.44,25.48,1.63,0.78,1.41,2.24,2,False
42,6,offense,47.37,26.45,1.51,1.62,3.38,-1.59,4,False
42,7,defense,45.84,24.52,1.02,0.64,-0.15,1.63,8,False
42,8,offense,46.8,25.61,1.91,0.08,2.27,-0.28,7,False
42,9,offense,44.72,25.66,1.74,0.19,2.58,-1.59,3,False
42,10,defense,39.07,27.97,-0.68,4.81,0.51,-2.24,11,False
42,11,offense,38.25,30.5,-1.39,5.61,3.98,2.08,10,True
42,12,defense,35.01,20.72,1.55,0.18,6.92,0.35,13,False
42,13,offense,33.85,18.82,2.0,-0.21,2.41,0.98,12,False
42,14,defense,51.06,25.3,2.28,2.56,4.43,2.89,1,False
42,15,disc,38.25,30.5,1.39,7.54,-16.87,-15.32,0,False
43,1,offense,51.63,27.32,3.49,1.25,4.48,-1.42,14,False
43,2,offense,49.38,24.0,2.45,0.43,2.86,1.45,5,False
43,3,defense,44.15,24.26,-1.08,3.15,4.05,0.64,9,False
43,4,defense,46.98,24.64,0.77,1.1,2.41,3.74,6,False
43,5,defense,49.56,25.54,1.89,1.0,3.83,3.25,2,False
43,6,offense,47.49,26.57,1.75,1.66,3.67,0.47,4,False
43,7,defense,45.92,24.57,1.09,0.79,1.1,2.29,8,False
43,8,offense,46.93,25.63,2.17,0.23,3.9,2.2,7,False
43,9,offense,44.84,25.67,1.93,0.14,2.89,-0.79,3,False
43,10,defense,39.02,28.28,-0.64,4.79,0.65,-0.31,11,False
43,11,offense,38.16,30.88,-0.96,5.47,6.45,-2.1,10,True
43,12,defense,35.12,20.75,1.94,0.25,5.79,0.99,13,False
43,13,offense,33.99,18.82,2.12,-0.15,1.76,0.97,12,False
43,14,defense,51.24,25.49,2.48,2.75,3.0,2.72,1,False
43,15,disc,38.16,30.88,0.4,6.41,-14.83,-17.0,0,False
44,1,offense,51.89,27.4,3.69,1.15,3.04,-1.43,14,False
44,2,offense,49.57,24.03,2.61,0.55,2.53,1.77,5,False
44,3,defense,44.12,24.47,-0.78,3.15,4.6,0.04,9,False
44,4,defense,47.04,24.73,0.92,1.38,2.16,4.26,6,False
44,5,defense,49.7,25.62,2.15,1.06,3.98,0.97,2,False
44,6,offense,47.62,26.66,2.0,1.66,3.73,0.03,4,False
44,7,defense,46.0,24.64,1.23,0.95,2.06,2.48,8,False
44,8,offense,47.1,25.64,2.29,0.31,1.75,1.24,7,False
44,9,offense,44.98,25.67,2.0,0.14,0.96,0.0,3,False
44,10,defense,38.98,28.59,-0.54,4.79,1.45,-0.0,11,False
44,11,offense,38.12,31.25,-0.63,5.18,4.87,-4.31,10,True
44,12,defense,35.27,20.76,2.08,0.26,2.09,0.17,13,False
44,13,offense,34.13,18.8,2.16,-0.02,0.62,1.93,12,False
44,14,defense,51.43,25.69,2.7,2.93,3.31,2.72,1,False
44,15,disc,38.12,31.25,-0.63,5.18,-15.45,-18.33,0,False
45,1,offense,52.16,27.46,3.81,1.02,1.77,-1.91,14,False
45,2,offense,49.74,24.08,2.72,0.68,1.57,2.08,5,False
45,3,defense,44.09,24.68,-0.32,3.27,6.87,1.78,9,False
45,4,defense,47.11,24.83,0.94,1.64,0.36,3.82,6,False
45,5,defense,49.86,25.7,2.42,1.09,3.99,0.49,2,False
45,6,offense,47.78,26.78,2.27,1.63,4.0,-0.47,4,False
45,7,defense,46.09,24.72,1.27,1.06,0.54,1.56,8,False
45,8,offense,47.28,25.68,2.41,0.37,1.88,0.87,7,False
45,9,offense,45.13,25.68,2.0,0.11,0.0,-0.48,3,False
45,10,defense,38.94,28.91,-0.54,4.77,0.0,-0.32,11,False
45,11,offense,38.13,31.58,-0.47,5.08,2.43,-1.6,10,True
45,12,defense,35.44,20.78,2.13,0.25,0.8,-0.16,13,False
45,13,offense,34.28,18.81,2.18,0.11,0.3,1.93,12,False
45,14,defense,51.61,25.89,2.83,3.03,2.05,1.6,1,False
45,15,disc,38.13,31.58,-0.47,5.08,2.43,-1.6,0,False
46,1,offense,52.43,27.54,3.91,1.0,1.59,-0.32,14,False
46,2,offense,49.92,24.13,2.84,0.92,1.87,3.52,5,False
46,3,defense,44.09,24.91,0.21,3.61,7.95,4.98,9,False
46,4,defense,47.18,24.97,0.87,1.93,-1.14,4.4,6,False
46,5,defense,50.05,25.77,2.67,1.08,3.83,-0.15,2,False
46,6,offense,47.94,26.91,2.48,1.5,3.22,-1.91,4,False
46,7,defense,46.19,24.81,1.24,1.03,-0.42,-0.38,8,False
46,8,offense,47.44,25.71,2.46,0.41,0.63,0.6,7,False
46,9,offense,45.25,25.69,2.05,0.06,0.81,-0.64,3,False
46,10,defense,38.92,29.24,-0.48,4.84,0.95,0.96,11,False
46,11,offense,38.11,31.87,-0.22,4.84,3.73,-3.51,10,True
46,12,defense,35.59,20.79,2.16,0.19,0.33,-0.8,13,False
46,13,offense,34.42,18.83,2.3,0.23,1.75,1.77,12,False
46,14,defense,51.81,26.1,2.94,3.1,1.58,0.96,1,False
46,15,disc,38.11,31.87,-0.22,4.84,3.73,-3.51,0,False
47,1,offense,52.68,27.59,3.79,0.85,-1.89,-2.24,14,False
47,2,offense,50.12,24.21,2.88,1.12,0.6,3.04,5,False
47,3,defense,44.14,25.17,0.51,3.8,4.45,2.89,9,False
47,4,defense,47.23,25.11,0.9,2.17,0.46,3.64,6,False
47,5,defense,50.25,25.84,2.87,1.07,2.87,-0.15,2,False
47,6,offense,48.13,27.0,2.67,1.44,2.89,-0.95,4,False
47,7,defense,46.26,24.87,1.31,1.0,1.05,-0.55,8,False
47,8,offense,47.6,25.73,2.45,0.49,-0.16,1.23,7,False
47,9,offense,45.39,25.69,2.03,-0.04,-0.3,-1.6,3,False
47,10,defense,38.89,29.56,-0.37,4.92,1.59,1.28,11,False
47,11,offense,38.09,32.19,-0.08,4.64,2.05,-3.04,10,True
47,12,defense,35.72,20.81,2.13,0.18,-0.32,-0.16,13,False
47,13,offense,34.58,18.86,2.36,0.43,0.93,3.05,12,False
47,14,defense,52.01,26.31,3.04,3.04,1.44,-0.8,1,False
47,15,disc,38.09,32.19,-0.08,4.64,2.05,-3.04,0,False
48,1,offense,52.93,27.65,3.71,0.75,-1.1,-1.6,14,False
48,2,offense,50.33,24.31,3.07,1.3,2.84,2.72,5,False
48,3,defense,44.22,25.46,0.86,4.01,5.25,3.21,9,False
48,4,defense,47.27,25.28,0.93,2.44,0.45,3.96,6,False
48,5,defense,50.45,25.9,3.03,1.03,2.4,-0.61,2,False
48,6,offense,48.31,27.07,2.84,1.25,2.51,-2.86,4,False
48,7,defense,46.34,24.92,1.4,0.96,1.36,-0.5,8,False
48,8,offense,47.75,25.77,2.35,0.46,-1.42,-0.45,7,False
48,9,offense,45.52,25.69,1.94,-0.12,-1.27,-1.12,3,False
48,10,defense,38.86,29.89,-0.32,4.81,0.74,-1.69,11,False
48,11,offense,38.09,32.5,-0.08,4.52,0.02,-1.83,10,True
48,12,defense,35.84,20.81,2.04,0.14,-1.44,-0.65,13,False
48,13,offense,34.75,18.89,2.49,0.53,1.92,1.45,12,False
48,14,defense,52.22,26.52,3.3,2.96,4.0,-1.27,1,False
48,15,disc,38.09,32.5,-0.08,4.52,0.02,-1.83,0,False
49,1,offense,53.15,27.68,3.59,0.59,-1.89,-2.4,14,False
49,2,offense,50.53,24.41,3.2,1.45,1.88,2.24,5,False
49,3,defense,44.29,25.74,1.2,4.07,5.12,0.81,9,False
49,4,defense,47.34,25.45,0.86,2.56,-0.95,1.79,6,False
49,5,defense,50.66,25.98,3.12,0.99,1.44,-0.63,2,False
49,6,offense,48.51,27.14,3.09,1.02,3.71,-3.34,4,False
49,7,defense,46.43,24.97,1.52,0.94,1.84,-0.41,8,False
49,8,offense,47.91,25.81,2.46,0.55,1.58,1.28,7,False
49,9,offense,45.66,25.66,1.96,-0.21,0.18,-1.44,3,False
49,10,defense,38.85,30.23,-0.31,4.7,0.18,-1.6,11,False
49,11,offense,38.09,32.79,0.01,4.43,1.46,-1.28,10,True
49,12,defense,35.98,20.82,2.07,0.1,0.49,-0.64,13,False
49,13,offense,34.91,18.94,2.71,0.66,3.36,1.94,12,False
49,14,defense,52.44,26.7,3.44,2.68,2.12,-4.15,1,False
49,15,disc,38.09,32.79,0.01,4.43,1.46,-1.28,0,False
50,1,offense,53.4,27.71,3.59,0.53,0.0,-0.8,14,False
50,2,offense,50.76,24.51,3.3,1.54,1.57,1.28,5,False
50,3,defense,44.38,26.02,1.37,3.97,2.58,-1.44,9,False
50,4,defense,47.42,25.65,0.98,2.66,1.78,1.6,6,False
50,5,defense,50.87,26.05,3.14,0.93,0.33,-0.96,2,False
50,6,offense,48.73,27.2,3.26,0.92,2.57,-1.59,4,False
50,7,defense,46.56,25.05,1.74,0.98,3.27,0.65,8,False
50,8,offense,48.07,25.84,2.51,0.61,0.79,1.0,7,False
50,9,offense,45.77,25.64,1.92,-0.25,-0.48,-0.48,3,False
50,10,defense,38.84,30.51,-0.21,4.64,1.46,-0.96,11,False
50,11,offense,38.1,33.08,0.24,4.24,3.4,-2.87,10,True
50,12,defense,36.12,20.82,2.23,0.09,2.33,-0.07,13,False
50,13,offense,35.1,18.98,2.79,0.83,1.26,2.57,12,False
50,14,defense,52.71,26.87,3.7,2.39,3.88,-4.46,1,False
50,15,disc,38.1,33.08,0.24,4.24,3.4,-2.87,0,False
51,1,offense,53.62,27.73,3.64,0.46,0.81,-1.11,14,False
51,2,offense,50.99,24.62,3.44,1.53,2.07,-0.15,5,False
51,3,defense,44.49,26.27,1.43,3.74,0.84,-3.52,9,False
51,4,defense,47.47,25.82,1.2,2.67,3.27,0.11,6,False
51,5,defense,51.09,26.1,3.21,0.86,0.97,-0.96,2,False
51,6,offense,48.97,27.25,3.5,0.81,3.53,-1.59,4,False
51,7,defense,46.69,25.12,2.05,1.09,4.6,1.67,8,False
51,8,offense,48.26,25.89,2.66,0.6,2.25,-0.17,7,False
51,9,offense,45.91,25.62,1.86,-0.26,-0.96,-0.16,3,False
51,10,defense,38.82,30.8,-0.18,4.46,0.51,-2.72,11,False
51,11,offense,38.12,33.35,0.47,3.99,3.41,-3.83,10,True
51,12,defense,36.28,20.82,2.5,0.16,4.13,1.04,13,False
51,13,offense,35.32,19.05,2.9,0.93,1.59,1.45,12,False
51,14,defense,52.96,27.0,3.84,1.93,2.0,-6.86,1,False
51,15,disc,38.12,33.35,0.47,3.99,3.41,-3.83,0,False
52,1,offense,53.88,27.77,3.83,0.43,2.87,-0.47,14,False
52,2,offense,51.22,24.72,3.69,1.44,3.68,-1.27,5,False
52,3,defense,44.6,26.49,1.58,3.4,2.3,-5.11,9,False
52,4,defense,47.56,26.0,1.27,2.66,1.02,-0.14,6,False
52,5,defense,51.3,26.15,3.36,0.76,2.25,-1.59,2,False
52,6,offense,49.22,27.3,3.7,0.65,3.06,-2.39,4,False
52,7,defense,46.84,25.2,2.29,1.13,3.69,0.55,8,False
52,8,offense,48.44,25.94,2.8,0.58,2.15,-0.36,7,False
52,9,offense,46.03,25.61,1.81,-0.19,-0.81,0.96,3,False
52,10,defense,38.82,31.1,-0.16,4.24,0.36,-3.2,11,False
52,11,offense,38.17,33.6,0.72,3.61,3.75,-5.59,10,True
52,12,defense,36.46,20.84,2.75,0.17,3.69,0.06,13,False
52,13,offense,35.51,19.14,3.07,0.97,2.56,0.65,12,False
52,14,defense,53.24,27.11,4.01,1.51,2.63,-6.21,1,False
52,15,disc,38.17,33.6,0.72,3.61,3.75,-5.59,0,False
53,1,offense,54.14,27.81,3.82,0.42,-0.16,-0.16,14,False
53,2,offense,51.47,24.82,3.79,1.33,1.61,-1.75,5,False
53,3,defense,44.7,26.7,1.74,2.99,2.31,-6.07,9,False
53,4,defense,47.67,26.17,1.38,2.56,1.72,-1.49,6,False
53,5,defense,51.52,26.19,3.44,0.7,1.22,-0.93,2,False
53,6,offense,49.48,27.34,3.89,0.44,2.91,-3.18,4,False
53,7,defense,47.02,25.28,2.46,1.03,2.46,-1.39,8,False
53,8,offense,48.64,25.97,3.02,0.58,3.26,0.09,7,False
53,9,offense,46.14,25.6,1.81,-0.03,0.06,2.42,3,False
53,10,defense,38.81,31.38,-0.07,4.18,1.29,-0.96,11,False
53,11,offense,38.25,33.83,1.04,3.22,4.88,-5.91,10,True
53,12,defense,36.68,20.86,3.08,0.27,4.97,1.63,13,False
53,13,offense,35.72,19.2,3.17,1.02,1.44,0.81,12,False
53,14,defense,53.5,27.17,3.97,1.12,-0.57,-5.9,1,False
53,15,disc,38.25,33.83,1.04,3.22,4.88,-5.91,0,False
54,1,offense,54.43,27.82,3.92,0.39,1.43,-0.47,14,False
54,2,offense,51.76,24.89,3.87,1.17,1.14,-2.39,5,False
54,3,defense,44.82,26.87,1.88,2.6,2.15,-5.91,9,False
54,4,defense,47.76,26.34,1.61,2.56,3.42,-0.02,6,False
54,5,defense,51.78,26.23,3.53,0.64,1.28,-0.79,2,False
54,6,offense,49.75,27.36,3.96,0.24,0.99,-3.03,4,False
54,7,defense,47.2,25.35,2.66,1.02,3.01,-0.18,8,False
54,8,offense,48.85,26.0,3.11,0.5,1.29,-1.27,7,False
54,9,offense,46.26,25.6,1.69,0.1,-1.81,1.98,3,False
54,10,defense,38.8,31.64,0.02,3.99,1.32,-2.88,11,False
54,11,offense,38.33,34.0,1.32,2.83,4.08,-5.91,10,True
54,12,defense,36.9,20.88,3.37,0.35,4.33,1.14,13,False
54,13,offense,35.94,19.27,3.2,0.94,0.49,-1.28,12,False
54,14,defense,53.78,27.21,4.05,0.84,1.16,-4.14,1,False
54,15,disc,38.33,34.0,1.32,2.83,4.08,-5.91,0,False
55,1,offense,54.67,27.85,3.84,0.19,-1.08,-2.87,14,False
55,2,offense,52.03,24.95,4.07,0.99,3.06,-2.7,5,False
55,3,defense,44.96,27.02,2.13,2.18,3.76,-6.22,9,False
55,4,defense,47.88,26.5,1.76,2.52,2.2,-0.6,6,False
55,5,defense,52.02,26.28,3.73,0.62,3.03,-0.31,2,False
55,6,offense,50.03,27.35,3.97,0.08,0.18,-2.39,4,False
55,7,defense,47.38,25.39,2.88,0.91,3.31,-1.62,8,False
55,8,offense,49.07,26.03,3.26,0.38,2.25,-1.84,7,False
55,9,offense,46.38,25.63,1.66,0.17,-0.4,1.02,3,False
55,10,defense,38.81,31.91,0.06,3.77,0.68,-3.2,11,False
55,11,offense,38.45,34.16,1.42,2.44,1.51,-5.75,10,True
55,12,defense,37.14,20.91,3.59,0.33,3.38,-0.31,13,False
55,13,offense,36.16,19.33,3.44,0.77,3.56,-2.55,12,False
55,14,defense,54.03,27.25,3.9,0.56,-2.18,-4.31,1,False
55,15,disc,38.45,34.16,1.42,2.44,1.51,-5.75,0,False
56,1,offense,54.93,27.86,3.72,0.05,-1.89,-2.24,14,False
56,2,offense,52.28,25.01,4.18,0.75,1.63,-3.51,5,False
56,3,defense,45.12,27.13,2.39,1.78,3.91,-6.06,9,False
56,4,defense,48.01,26.67,1.82,2.6,0.94,1.15,6,False
56,5,defense,52.26,26.32,3.85,0.65,1.9,0.48,2,False
56,6,offense,50.29,27.33,3.9,-0.02,-1.11,-1.44,4,False
56,7,defense,47.58,25.46,2.98,0.89,1.47,-0.4,8,False
56,8,offense,49.29,26.05,3.43,0.28,2.55,-1.45,7,False
56,9,offense,46.47,25.66,1.65,0.19,-0.17,0.32,3,False
56,10,defense,38.82,32.13,0.15,3.57,1.32,-3.04,11,False
56,11,offense,38.56,34.29,1.45,2.08,0.54,-5.43,10,True
56,12,defense,37.4,20.94,3.72,0.25,1.87,-1.23,13,False
56,13,offense,36.39,19.37,3.6,0.68,2.42,-1.27,12,False
56,14,defense,54.31,27.28,3.88,0.41,-0.3,-2.23,1,False
56,15,disc,38.56,34.29,1.45,2.08,0.54,-5.43,0,False
57,1,offense,55.16,27.84,3.49,0.13,-3.37,1.3,14,False
57,2,offense,52.57,25.05,4.24,0.59,0.82,-2.39,5,False
57,3,defense,45.31,27.22,2.7,1.5,4.69,-4.14,9,False
57,4,defense,48.15,26.84,1.96,2.7,2.08,1.46,6,False
57,5,defense,52.54,26.36,3.83,0.66,-0.33,0.16,2,False
57,6,offense,50.54,27.33,3.74,0.0,-2.41,0.31,4,False
57,7,defense,47.8,25.5,3.04,0.87,1.03,-0.34,8,False
57,8,offense,49.53,26.06,3.51,0.2,1.23,-1.15,7,False
57,9,offense,46.58,25.67,1.63,0.24,-0.31,0.75,3,False
57,10,defense,38.84,32.36,0.26,3.37,1.64,-3.04,11,False
57,11,offense,38.65,34.42,1.47,1.77,0.21,-4.63,10,True
57,12,defense,37.66,20.95,3.84,0.21,1.79,-0.57,13,False
57,13,offense,36.65,19.39,3.71,0.6,1.62,-1.28,12,False
57,14,defense,54.54,27.29,3.89,0.29,0.02,-1.75,1,False
57,15,disc,38.65,34.42,1.47,1.77,0.21,-4.63,0,False
58,1,offense,55.38,27.82,3.4,0.24,-1.35,1.69,14,False
58,2,offense,52.87,25.07,4.29,0.45,0.82,-2.07,5,False
58,3,defense,45.49,27.3,2.88,1.16,2.62,-5.11,9,False
58,4,defense,48.27,27.04,2.05,2.69,1.44,-0.05,6,False
58,5,defense,52.81,26.41,3.86,0.59,0.49,-1.12,2,False
58,6,offense,50.78,27.33,3.55,0.25,-2.77,3.66,4,False
58,7,defense,48.01,25.58,3.15,0.92,1.54,0.76,8,False
58,8,offense,49.78,26.06,3.54,0.09,0.5,-1.75,7,False
58,9,offense,46.7,25.66,1.66,-0.03,0.48,-4.03,3,False
58,10,defense,38.86,32.57,0.31,3.13,0.68,-3.59,11,False
58,11,offense,38.73,34.52,1.33,1.45,-2.03,-4.8,10,True
58,12,defense,37.92,20.95,3.86,0.06,0.34,-2.24,13,False
58,13,offense,36.92,19.43,3.88,0.56,2.57,-0.63,12,False
58,14,defense,54.8,27.3,3.91,0.06,0.36,-3.51,1,False
58,15,disc,38.73,34.52,1.33,1.45,-2.03,-4.8,0,False
59,1,offense,55.6,27.87,3.19,0.38,-3.22,2.0,14,False
59,2,offense,53.17,25.09,4.46,0.35,2.56,-1.59,5,False
59,3,defense,45.72,27.37,2.98,0.87,1.49,-4.31,9,False
59,4,defense,48.42,27.24,2.16,2.7,1.64,0.05,6,False
59,5,defense,53.05,26.45,3.89,0.58,0.31,-0.16,2,False
59,6,offense,50.99,27.36,3.37,0.51,-2.77,3.98,4,False
59,7,defense,48.21,25.64,3.21,0.82,0.91,-1.38,8,False
59,8,offense,50.02,26.07,3.64,0.0,1.45,-1.27,7,False
59,9,offense,46.8,25.67,1.78,-0.21,1.75,-2.7,3,False
59,10,defense,38.89,32.77,0.42,2.96,1.63,-2.56,11,False
59,11,offense,38.82,34.59,1.19,1.06,-2.18,-5.91,10,True
59,12,defense,38.18,20.95,3.84,-0.0,-0.32,-0.96,13,False
59,13,offense,37.17,19.47,3.95,0.51,1.13,-0.64,12,False
59,14,defense,55.07,27.3,3.88,-0.21,-0.43,-3.99,1,False
59,15,disc,38.82,34.59,1.19,1.06,-2.18,-5.91,0,False
60,1,offense,55.81,27.93,3.1,0.76,-1.36,5.76,14,False
60,2,offense,53.46,25.1,4.46,0.25,0.01,-1.44,5,False
60,3,defense,45.92,27.41,3.0,0.64,0.36,-3.51,9,False
60,4,defense,48.56,27.4,2.33,2.68,2.46,-0.18,6,False
60,5,defense,53.3,26.48,3.82,0.57,-0.96,-0.16,2,False
60,6,offense,51.21,27.43,3.24,0.71,-1.96,3.02,4,False
60,7,defense,48.43,25.7,3.19,0.84,-0.25,0.23,8,False
60,8,offense,50.25,26.06,3.67,-0.04,0.48,-0.64,7,False
60,9,offense,46.93,25.62,1.76,-0.3,-0.33,-1.41,3,False
60,10,defense,38.92,32.95,0.6,2.69,2.77,-3.99,11,False
60,11,offense,38.89,34.64,1.09,0.65,-1.38,-6.07,10,True
60,12,defense,38.43,20.93,3.77,-0.03,-1.05,-0.41,13,False
60,13,offense,37.45,19.51,3.94,0.51,-0.17,-0.0,12,False
60,14,defense,55.33,27.26,3.94,-0.46,0.84,-3.82,1,False
60,15,disc,38.89,34.64,1.09,0.65,-1.38,-6.07,0,False
61,1,offense,55.99,27.99,2.98,1.22,-1.7,6.88,14,False
61,2,offense,53.77,25.12,4.46,0.24,-0.01,-0.16,5,False
61,3,defense,46.11,27.42,3.06,0.4,0.84,-3.67,9,False
61,4,defense,48.73,27.57,2.56,2.49,3.42,-2.91,6,False
61,5,defense,53.56,26.51,3.8,0.49,-0.31,-1.12,2,False
61,6,offense,51.41,27.5,3.15,0.87,-1.31,2.39,4,False
61,7,defense,48.65,25.73,3.23,0.72,0.59,-1.82,8,False
61,8,offense,50.51,26.05,3.67,-0.1,0.01,-0.95,7,False
61,9,offense,47.06,25.59,1.76,-0.3,-0.0,0.0,3,False
61,10,defense,38.96,33.12,0.82,2.46,3.25,-3.51,11,False
61,11,offense,38.95,34.65,1.01,0.28,-1.22,-5.59,10,True
61,12,defense,38.68,20.94,3.74,0.01,-0.41,0.67,13,False
61,13,offense,37.71,19.54,3.92,0.45,-0.32,-0.96,12,False
61,14,defense,55.6,27.21,3.99,-0.64,0.83,-2.71,1,False
61,15,disc,38.95,34.65,1.01,0.28,-1.22,-5.59,0,False
62,1,offense,56.19,28.09,2.88,1.44,-1.53,3.25,14,False
62,2,offense,54.06,25.13,4.36,0.26,-1.61,0.31,5,False
62,3,defense,46.31,27.44,2.89,0.08,-2.51,-4.8,9,False
62,4,defense,48.92,27.74,2.74,2.2,2.7,-4.42,6,False
62,5,defense,53.81,26.55,3.87,0.45,1.12,-0.63,2,False
62,6,offense,51.62,27.57,3.12,0.97,-0.5,1.43,4,False
62,7,defense,48.87,25.78,3.33,0.69,1.55,-0.47,8,False
62,8,offense,50.75,26.05,3.7,-0.14,0.44,-0.57,7,False
62,9,offense,47.17,25.57,1.79,-0.38,0.45,-1.18,3,False
62,10,defense,39.04,33.26,0.93,2.26,1.64,-3.03,11,False
62,11,offense,39.01,34.64,0.82,-0.03,-2.84,-4.63,10,True
62,12,defense,38.91,20.94,3.67,0.08,-0.99,1.0,13,False
62,13,offense,37.97,19.56,4.02,0.41,1.45,-0.63,12,False
62,14,defense,55.86,27.14,3.87,-0.86,-1.88,-3.19,1,False
62,15,disc,39.01,34.64,0.82,-0.03,-2.84,-4.63,0,False
63,1,offense,56.38,28.23,2.79,1.71,-1.41,4.12,14,False
63,2,offense,54.36,25.15,4.32,0.36,-0.51,1.43,5,False
63,3,defense,46.51,27.43,2.75,-0.06,-2.06,-2.08,9,False
63,4,defense,49.13,27.87,2.96,2.06,3.38,-2.01,6,False
63,5,defense,54.08,26.57,3.98,0.47,1.58,0.32,2,False
63,6,offense,51.83,27.62,3.09,0.83,-0.46,-2.08,4,False
63,7,defense,49.09,25.82,3.37,0.66,0.55,-0.34,8,False
63,8,offense,51.0,26.03,3.74,-0.2,0.64,-0.8,7,False
63,9,offense,47.28,25.56,1.71,-0.21,-1.17,2.57,3,False
63,10,defense,39.13,33.39,1.1,2.04,2.6,-3.21,11,False
63,11,offense,39.07,34.61,0.74,-0.2,-1.26,-2.54,10,True
63,12,defense,39.16,20.95,3.62,0.19,-0.83,1.6,13,False
63,13,offense,38.22,19.58,4.0,0.34,-0.32,-0.96,12,False
63,14,defense,56.13,27.09,3.85,-0.93,-0.31,-1.12,1,False
63,15,disc,39.07,34.61,0.74,-0.2,-1.26,-2.54,0,False
64,1,offense,56.56,28.35,2.74,2.22,-0.7,7.69,14,False
64,2,offense,54.62,25.17,4.29,0.43,-0.5,1.11,5,False
64,3,defense,46.68,27.4,2.68,-0.12,-1.11,-0.8,9,False
64,4,defense,49.33,27.97,3.05,1.81,1.37,-3.82,6,False
64,5,defense,54.34,26.6,4.07,0.46,1.27,-0.16,2,False
64,6,offense,52.03,27.68,3.1,0.69,0.18,-2.07,4,False
64,7,defense,49.32,25.87,3.35,0.75,-0.34,1.28,8,False
64,8,offense,51.25,26.02,3.72,-0.26,-0.42,-0.97,7,False
64,9,offense,47.4,25.55,1.61,-0.12,-1.46,1.38,3,False
64,10,defense,39.2,33.52,1.2,1.86,1.47,-2.71,11,False
64,11,offense,39.1,34.58,0.62,-0.1,-1.74,1.39,10,True
64,12,defense,39.4,20.97,3.64,0.27,0.3,1.28,13,False
64,13,offense,38.51,19.6,4.12,0.33,1.92,-0.15,12,False
64,14,defense,56.36,27.02,3.69,-0.87,-2.41,0.95,1,False
64,15,disc,39.1,34.58,0.62,-0.1,-1.74,1.39,0,False
65,1,offense,56.74,28.5,2.5,2.56,-3.57,5.02,14,False
65,2,offense,54.9,25.22,4.3,0.61,0.11,2.71,5,False
65,3,defense,46.84,27.38,2.53,-0.13,-2.24,-0.17,9,False
65,4,defense,49.55,28.09,3.09,1.56,0.52,-3.67,6,False
65,5,defense,54.63,26.63,4.1,0.47,0.47,0.16,2,False
65,6,offense,52.24,27.71,3.06,0.53,-0.61,-2.39,4,False
65,7,defense,49.55,25.92,3.37,0.78,0.31,0.48,8,False
65,8,offense,51.5,26.0,3.72,-0.33,0.01,-1.12,7,False
65,9,offense,47.5,25.55,1.55,-0.1,-0.87,0.22,3,False
65,10,defense,39.28,33.63,1.2,1.7,0.03,-2.4,11,False
65,11,offense,39.14,34.57,0.59,0.01,-0.45,1.67,10,True
65,12,defense,39.64,21.0,3.69,0.34,0.79,0.96,13,False
65,13,offense,38.78,19.63,4.2,0.35,1.11,0.33,12,False
65,14,defense,56.62,26.95,3.57,-0.63,-1.81,3.5,1,False
65,15,disc,39.14,34.57,0.59,0.01,-0.45,1.67,0,False
66,1,offense,56.91,28.73,2.18,2.84,-4.82,4.22,14,False
66,2,offense,55.2,25.27,4.26,0.77,-0.52,2.39,5,False
66,3,defense,47.0,27.39,2.25,-0.11,-4.17,0.31,9,False
66,4,defense,49.75,28.18,3.12,1.43,0.47,-1.93,6,False
66,5,defense,54.91,26.67,4.11,0.52,0.14,0.64,2,False
66,6,offense,52.45,27.73,3.02,0.42,-0.62,-1.76,4,False
66,7,defense,49.77,25.98,3.39,0.86,0.3,1.12,8,False
66,8,offense,51.74,25.97,3.66,-0.36,-0.8,-0.32,7,False
66,9,offense,47.6,25.55,1.36,-0.16,-2.87,-0.81,3,False
66,10,defense,39.36,33.74,1.09,1.48,-1.57,-3.36,11,False
66,11,offense,39.16,34.61,0.56,0.25,-0.49,3.72,10,True
66,12,defense,39.89,21.03,3.66,0.43,-0.44,1.33,13,False
66,13,offense,39.08,19.65,4.25,0.46,0.78,1.61,12,False
66,14,defense,56.83,26.92,3.28,-0.39,-4.36,3.65,1,False
66,15,disc,39.16,34.61,0.56,0.25,-0.49,3.72,0,False
67,1,offense,57.02,28.94,1.86,3.34,-4.78,7.55,14,False
67,2,offense,55.49,25.34,4.35,0.85,1.25,1.12,5,False
67,3,defense,47.15,27.39,2.05,-0.03,-3.06,1.11,9,False
67,4,defense,49.95,28.26,3.26,1.39,2.19,-0.6,6,False
67,5,defense,55.18,26.71,4.1,0.57,-0.02,0.8,2,False
67,6,offense,52.64,27.74,2.99,0.27,-0.45,-2.23,4,False
67,7,defense,49.99,26.04,3.36,0.82,-0.48,-0.48,8,False
67,8,offense,51.99,25.94,3.63,-0.45,-0.53,-1.47,7,False
67,9,offense,47.69,25.53,1.08,-0.13,-4.3,0.42,3,False
67,10,defense,39.44,33.83,1.1,1.2,0.05,-4.15,11,False
67,11,offense,39.21,34.64,0.65,0.52,1.4,4.04,10,True
67,12,defense,40.14,21.05,3.67,0.51,0.14,1.28,13,False
67,13,offense,39.37,19.68,4.19,0.59,-0.84,1.92,12,False
67,14,defense,57.04,26.93,3.02,0.07,-3.76,6.84,1,False
67,15,disc,39.21,34.64,0.65,0.52,1.4,4.04,0,False
68,1,offense,57.11,29.17,1.45,3.78,-6.18,6.57,14,False
68,2,offense,55.78,25.4,4.33,0.82,-0.16,-0.48,5,False
68,3,defense,47.26,27.39,1.82,-0.04,-3.36,-0.17,9,False
68,4,defense,50.17,28.34,3.4,1.25,2.02,-2.16,6,False
68,5,defense,55.44,26.75,4.04,0.6,-0.97,0.47,2,False
68,6,offense,52.83,27.76,2.92,0.15,-0.94,-1.76,4,False
68,7,defense,50.21,26.1,3.33,0.79,-0.32,-0.48,8,False
68,8,offense,52.22,25.91,3.53,-0.48,-1.44,-0.32,7,False
68,9,offense,47.74,25.51,0.7,-0.21,-5.61,-1.14,3,False
68,10,defense,39.49,33.88,0.99,0.91,-1.56,-4.39,11,False
68,11,offense,39.25,34.7,0.68,0.62,0.46,1.5,10,True
68,12,defense,40.38,21.09,3.68,0.6,0.14,1.28,13,False
68,13,offense,39.64,19.73,4.2,0.74,0.13,2.24,12,False
68,14,defense,57.22,26.96,2.61,0.71,-6.19,9.7,1,False
68,15,disc,39.25,34.7,0.68,0.62,0.46,1.5,0,False
69,1,offense,57.18,29.46,1.01,3.93,-6.66,2.27,14,False
69,2,offense,56.07,25.46,4.18,0.83,-2.24,0.15,5,False
69,3,defense,47.36,27.39,1.47,-0.12,-5.27,-1.13,9,False
69,4,defense,50.42,28.43,3.66,1.11,3.85,-2.06,6,False
69,5,defense,55.71,26.79,3.94,0.6,-1.44,-0.01,2,False
69,6,offense,53.03,27.77,2.84,0.02,-1.26,-1.92,4,False
69,7,defense,50.44,26.14,3.35,0.63,0.18,-2.39,8,False
69,8,offense,52.46,25.87,3.47,-0.5,-0.9,-0.3,7,False
69,9,offense,47.76,25.5,0.3,-0.23,-6.01,-0.36,3,False
69,10,defense,39.56,33.92,0.89,0.62,-1.56,-4.31,11,False
69,11,offense,39.31,34.76,0.84,0.54,2.36,-1.3,10,True
69,12,defense,40.62,21.14,3.6,0.64,-1.14,0.63,13,False
69,13,offense,39.91,19.8,4.07,0.95,-1.97,3.19,12,False
69,14,defense,57.37,27.04,2.28,1.4,-4.92,10.34,1,False
69,15,disc,39.31,34.76,0.84,0.54,2.36,-1.3,0,False
70,1,offense,57.22,29.76,0.69,4.14,-4.82,3.04,14,False
70,2,offense,56.34,25.5,4.1,0.72,-1.26,-1.6,5,False
70,3,defense,47.45,27.37,1.09,-0.24,-5.74,-1.77,9,False
70,4,defense,50.68,28.5,3.77,0.94,1.78,-2.55,6,False
70,5,defense,55.98,26.83,3.92,0.56,-0.32,-0.64,2,False
70,6,offense,53.21,27.76,2.83,-0.06,-0.15,-1.28,4,False
70,7,defense,50.66,26.18,3.36,0.47,0.18,-2.39,8,False
70,8,offense,52.68,25.84,3.44,-0.47,-0.49,0.32,7,False
70,9,offense,47.74,25.48,-0.08,-0.23,-5.76,-0.02,3,False
70,10,defense,39.61,33.93,0.81,0.41,-1.25,-3.2,11,False
70,11,offense,39.36,34.78,0.96,0.43,1.78,-1.58,10,True
70,12,defense,40.86,21.2,3.53,0.7,-1.14,0.96,13,False
70,13,offense,40.19,19.87,3.95,1.12,-1.81,2.55,12,False
70,14,defense,57.49,27.19,1.9,1.96,-5.69,8.42,1,False
70,15,disc,39.36,34.78,0.96,0.43,1.78,-1.58,0,False
71,1,offense,57.24,30.04,0.39,4.4,-4.52,4.0,14,False
71,2,offense,56.59,25.54,4.06,0.65,-0.63,-0.96,5,False
71,3,defense,47.5,27.35,0.74,-0.34,-5.26,-1.45,9,False
71,4,defense,50.96,28.55,3.77,0.69,-0.07,-3.79,6,False
71,5,defense,56.23,26.87,3.9,0.47,-0.31,-1.28,2,False
71,6,offense,53.39,27.74,2.81,-0.21,-0.29,-2.23,4,False
71,7,defense,50.88,26.19,3.34,0.26,-0.28,-3.19,8,False
71,8,offense,52.9,25.8,3.43,-0.45,-0.17,0.32,7,False
71,9,offense,47.7,25.47,-0.41,-0.19,-4.97,0.62,3,False
71,10,defense,39.66,33.95,0.81,0.32,0.02,-1.36,11,False
71,11,offense,39.44,34.79,1.01,0.15,0.7,-4.21,10,True
71,12,defense,41.09,21.24,3.5,0.67,-0.35,-0.51,13,False
71,13,offense,40.44,19.97,3.83,1.29,-1.81,2.55,12,False
71,14,defense,57.59,27.39,1.55,2.49,-5.37,7.95,1,False
71,15,disc,39.44,34.79,1.01,0.15,0.7,-4.21,0,False
72,1,offense,57.25,30.32,0.02,4.39,-5.46,-0.2,14,False
72,2,offense,56.86,25.58,3.93,0.75,-1.94,1.43,5,False
72,3,defense,47.51,27.31,0.41,-0.39,-4.95,-0.81,9,False
72,4,defense,51.21,28.57,3.47,0.4,-4.42,-4.32,6,False
72,5,defense,56.49,26.89,3.93,0.41,0.48,-0.96,2,False
72,6,offense,53.58,27.72,2.79,-0.33,-0.3,-1.75,4,False
72,7,defense,51.11,26.2,3.28,0.1,-0.93,-2.4,8,False
72,8,offense,53.14,25.78,3.38,-0.38,-0.66,1.12,7,False
72,9,offense,47.66,25.45,-0.64,-0.21,-3.36,-0.33,3,False
72,10,defense,39.71,33.96,0.74,0.32,-1.07,-0.04,11,False
72,11,offense,39.53,34.78,0.96,-0.1,-0.73,-3.83,10,True
72,12,defense,41.32,21.28,3.44,0.59,-0.96,-1.13,13,False
72,13,offense,40.68,20.06,3.67,1.42,-2.44,1.91,12,False
72,14,defense,57.68,27.58,1.17,3.04,-5.69,8.26,1,False
72,15,disc,39.53,34.78,0.96,-0.1,-0.73,-3.83,0,False
73,1,offense,57.23,30.64,-0.29,4.29,-4.6,-1.43,14,False
73,2,offense,57.13,25.62,3.94,0.91,0.12,2.39,5,False
73,3,defense,47.51,27.28,0.11,-0.44,-4.47,-0.81,9,False
73,4,defense,51.42,28.57,3.1,0.15,-5.65,-3.74,6,False
73,5,defense,56.74,26.9,4.04,0.31,1.6,-1.43,2,False
73,6,offense,53.77,27.69,2.85,-0.34,0.96,-0.16,4,False
73,7,defense,51.33,26.19,3.25,-0.09,-0.45,-2.87,8,False
73,8,offense,53.37,25.76,3.44,-0.34,0.78,0.64,7,False
73,9,offense,47.6,25.45,-0.67,-0.17,-0.49,0.64,3,False
73,10,defense,39.76,33.99,0.81,0.37,1.02,0.75,11,False
73,11,offense,39.59,34.75,0.86,-0.24,-1.46,-2.06,10,True
73,12,defense,41.55,21.32,3.39,0.57,-0.81,-0.33,13,False
73,13,offense,40.92,20.16,3.48,1.55,-2.76,1.91,12,False
73,14,defense,57.73,27.79,0.8,3.39,-5.49,5.24,1,False
73,15,disc,39.59,34.75,3.46,0.04,37.44,2.21,0,False
74,1,offense,57.18,30.92,-0.6,4.26,-4.72,-0.55,14,False
74,2,offense,57.38,25.71,3.93,1.05,-0.04,2.07,5,False
74,3,defense,47.5,27.26,-0.11,-0.48,-3.35,-0.49,9,False
74,4,defense,51.57,28.57,2.66,0.0,-6.52,-2.25,6,False
74,5,defense,57.02,26.93,4.17,0.29,1.91,-0.31,2,False
74,6,offense,53.96,27.66,2.9,-0.36,0.64,-0.32,4,False
74,7,defense,51.53,26.17,3.2,-0.18,-0.79,-1.28,8,False
74,8,offense,53.59,25.74,3.48,-0.26,0.67,1.11,7,False
74,9,offense,47.54,25.43,-0.68,-0.18,-0.16,-0.16,3,False
74,10,defense,39.81,34.02,0.85,0.32,0.65,-0.64,11,False
74,11,offense,39.63,34.72,0.56,-0.34,-4.47,-1.53,10,True
74,12,defense,41.77,21.34,3.36,0.59,-0.33,0.32,13,False
74,13,offense,41.13,20.27,3.33,1.59,-2.26,0.63,12,False
74,14,defense,57.76,28.05,0.44,3.54,-5.44,2.21,1,False
74,15,disc,39.63,34.72,5.87,0.24,36.16,2.99,0,False
75,1,offense,57.12,31.19,-0.91,4.4,-4.65,2.21,14,False
75,2,offense,57.65,25.8,3.78,1.24,-2.28,2.86,5,False
75,3,defense,47.48,27.22,-0.24,-0.51,-1.91,-0.49,9,False
75,4,defense,51.71,28.55,2.37,-0.13,-4.45,-1.93,6,False
75,5,defense,57.32,26.94,4.15,0.3,-0.33,0.13,2,False
75,6,offense,54.16,27.64,2.97,-0.34,1.11,0.32,4,False
75,7,defense,51.74,26.15,3.14,-0.3,-0.78,-1.76,8,False
75,8,offense,53.82,25.72,3.44,-0.27,-0.64,-0.16,7,False
75,9,offense,47.51,25.43,-0.7,-0.19,-0.32,-0.16,3,False
75,10,defense,39.88,34.06,0.91,0.28,0.97,-0.64,11,False
75,11,offense,39.65,34.7,0.13,-0.3,-6.51,0.71,10,False
75,12,defense,41.99,21.39,3.34,0.64,-0.33,0.64,13,False
75,13,offense,41.35,20.39,3.16,1.72,-2.6,1.91,12,False
75,14,defense,57.75,28.32,0.06,3.77,-5.62,3.48,1,False
75,15,disc,40.52,34.8,8.25,0.49,35.74,3.79,0,False
76,1,offense,57.04,31.46,-1.2,4.32,-4.28,-1.29,14,False
76,2,offense,57.9,25.89,3.53,1.37,-3.86,2.06,5,False
76,3,defense,47.46,27.19,-0.3,-0.48,-0.97,0.48,9,False
76,4,defense,51.85,28.55,2.21,-0.23,-2.31,-1.51,6,False
76,5,defense,57.62,26.96,4.1,0.39,-0.66,1.29,2,False
76,6,offense,54.36,27.62,3.03,-0.24,0.93,1.44,4,False
76,7,defense,51.95,26.13,3.09,-0.33,-0.8,-0.48,8,False
76,8,offense,54.06,25.72,3.45,-0.27,0.15,0.0,7,False
76,9,offense,47.47,25.41,-0.62,-0.22,1.29,-0.47,3,False
76,10,defense,39.94,34.06,0.89,0.14,-0.3,-2.07,11,False
76,11,offense,39.63,34.68,-0.18,-0.18,-4.63,1.73,10,False
76,12,defense,42.21,21.44,3.33,0.68,-0.17,0.64,13,False
76,13,offense,41.55,20.5,3.04,1.78,-1.78,0.95,12,False
76,14,defense,57.74,28.57,-0.26,4.06,-4.83,4.28,1,False
76,15,disc,41.4,34.87,10.7,0.83,36.84,5.0,0,False
77,1,offense,56.95,31.79,-1.43,4.26,-3.49,-0.8,14,False
77,2,offense,58.12,25.99,3.33,1.37,-2.87,-0.01,5,False
77,3,defense,47.43,27.14,-0.39,-0.46,-1.28,0.32,9,False
77,4,defense,52.0,28.53,2.3,-0.41,1.31,-2.71,6,False
77,5,defense,57.87,26.99,4.05,0.45,-0.83,0.93,2,False
77,6,offense,54.57,27.61,3.18,-0.15,2.21,1.44,4,False
77,7,defense,52.16,26.1,3.08,-0.36,-0.16,-0.48,8,False
77,8,offense,54.28,25.69,3.47,-0.25,0.31,0.32,7,False
77,9,offense,47.42,25.39,-0.5,-0.23,1.76,-0.15,3,False
77,10,defense,40.01,34.06,0.96,-0.1,1.06,-3.59,11,False
77,11,offense,39.57,34.69,-0.42,-0.12,-3.6,0.96,10,False
77,12,defense,42.43,21.5,3.35,0.8,0.29,1.76,13,False
77,13,offense,41.74,20.63,3.01,1.89,-0.51,1.6,12,False
77,14,defense,57.7,28.84,-0.55,4.1,-4.31,0.62,1,False
77,15,disc,42.28,34.95,13.21,1.14,37.64,4.62,0,False
78,1,offense,56.84,32.08,-1.66,4.33,-3.51,0.95,14,False
78,2,offense,58.31,26.08,2.97,1.35,-5.41,-0.34,5,False
78,3,defense,47.41,27.12,-0.43,-0.39,-0.65,0.96,9,False
78,4,defense,52.16,28.5,2.37,-0.61,1.0,-3.03,6,False
78,5,defense,58.11,27.03,3.89,0.56,-2.33,1.69,2,False
78,6,offense,54.78,27.61,3.22,-0.06,0.62,1.28,4,False
78,7,defense,52.36,26.08,3.06,-0.38,-0.32,-0.32,8,False
78,8,offense,54.52,25.67,3.44,-0.23,-0.49,0.32,7,False
78,9,offense,47.39,25.37,-0.4,-0.24,1.44,-0.15,3,False
78,10,defense,40.06,34.04,0.93,-0.31,-0.57,-3.25,11,False
78,11,offense,39.53,34.69,-0.5,-0.06,-1.22,0.84,10,False
78,12,defense,42.66,21.54,3.32,0.86,-0.5,0.96,13,False
78,13,offense,41.93,20.76,2.91,1.97,-1.47,1.27,12,False
78,14,defense,57.65,29.14,-0.82,4.1,-4.14,-0.01,1,False
78,15,disc,43.16,35.02,13.21,1.14,-0.09,-0.01,0,False
79,1,offense,56.71,32.35,-1.85,4.54,-2.75,3.18,14,False
79,2,offense,58.49,26.16,2.65,1.39,-4.87,0.53,5,False
79,3,defense,47.37,27.1,-0.45,-0.38,-0.32,0.16,9,False
79,4,defense,52.34,28.43,2.34,-0.91,-0.42,-4.47,6,False
79,5,defense,58.37,27.08,3.76,0.6,-1.93,0.53,2,False
79,6,offense,55.02,27.61,3.36,0.1,2.03,2.4,4,False
79,7,defense,52.56,26.05,3.13,-0.42,1.12,-0.63,8,False
79,8,offense,54.74,25.66,3.41,-0.31,-0.47,-1.28,7,False
79,9,offense,47.38,25.35,-0.16,-0.19,3.67,0.81,3,False
79,10,defense,40.13,33.99,0.92,-0.45,-0.14,-2.08,11,False
79,11,offense,39.49,34.68,-0.44,0.02,0.96,1.24,10,False
79,12,defense,42.89,21.61,3.26,0.88,-0.81,0.32,13,False
79,13,offense,42.14,20.9,2.83,2.07,-1.15,1.43,12,False
79,14,defense,57.58,29.42,-1.08,4.23,-3.85,2.06,1,False
79,15,disc,44.04,35.1,13.2,1.14,-0.09,-0.01,0,False
80,1,offense,56.57,32.64,-2.0,4.43,-2.36,-1.6,14,False
80,2,offense,58.65,26.25,2.36,1.41,-4.3,0.35,5,False
80,3,defense,47.34,27.09,-0.43,-0.35,0.31,0.48,9,False
80,4,defense,52.5,28.35,2.22,-1.14,-1.71,-3.51,6,False
80,5,defense,58.62,27.12,3.87,0.62,1.55,0.32,2,False
80,6,offense,55.24,27.62,3.45,0.13,1.42,0.48,4,False
80,7,defense,52.76,26.02,3.18,-0.42,0.63,0.0,8,False
80,8,offense,54.97,25.65,3.45,-0.31,0.63,0.0,7,False
80,9,offense,47.38,25.34,0.24,-0.14,5.91,0.82,3,False
80,10,defense,40.19,33.95,0.86,-0.62,-0.77,-2.56,11,False
80,11,offense,39.48,34.68,-0.2,-0.0,3.49,-0.34,10,False
80,12,defense,43.1,21.67,3.13,0.86,-1.93,-0.33,13,False
80,13,offense,42.32,21.04,2.82,2.09,-0.17,0.32,12,False
80,14,defense,57.48,29.69,-1.28,4.27,-3.03,0.47,1,False
80,15,disc,44.92,35.18,13.2,1.13,-0.09,-0.01,0,False
81,1,offense,56.43,32.97,-2.11,4.46,-1.6,0.47,14,False
81,2,offense,58.79,26.35,2.2,1.42,-2.37,0.12,5,False
81,3,defense,47.31,27.06,-0.4,-0.4,0.49,-0.8,9,False
81,4,defense,52.63,28.25,2.06,-1.3,-2.48,-2.36,6,False
81,5,defense,58.87,27.16,4.09,0.6,3.42,-0.23,2,False
81,6,offense,55.48,27.65,3.61,0.13,2.38,0.01,4,False
81,7,defense,52.99,25.99,3.26,-0.42,1.27,0.0,8,False
81,8,offense,55.2,25.61,3.48,-0.36,0.48,-0.64,7,False
81,9,offense,47.42,25.34,0.65,-0.08,6.23,0.82,3,False
81,10,defense,40.25,33.91,0.93,-0.79,0.99,-2.48,11,False
81,11,offense,39.48,34.68,0.02,-0.01,3.29,-0.12,10,False
81,12,defense,43.3,21.73,2.94,0.92,-2.9,0.95,13,False
81,13,offense,42.49,21.18,2.77,2.12,-0.81,0.47,12,False
81,14,defense,57.38,29.98,-1.37,4.27,-1.43,-0.01,1,False
81,15,disc,45.8,35.25,13.19,1.13,-0.09,-0.01,0,False
82,1,offense,56.28,33.27,-2.14,4.67,-0.52,3.02,14,False
82,2,offense,58.91,26.46,2.05,1.55,-2.29,2.06,5,False
82,3,defense,47.29,27.03,-0.26,-0.45,2.09,-0.63,9,False
82,4,defense,52.74,28.15,1.86,-1.27,-3.04,0.47,6,False
82,5,defense,59.16,27.2,4.27,0.54,2.57,-0.97,2,False
82,6,offense,55.72,27.65,3.51,0.08,-1.5,-0.78,4,False
82,7,defense,53.21,25.96,3.39,-0.45,1.92,-0.47,8,False
82,8,offense,55.43,25.58,3.57,-0.52,1.3,-2.39,7,False
82,9,offense,47.5,25.35,1.03,-0.06,5.76,0.34,3,False
82,10,defense,40.3,33.85,0.94,-0.86,0.07,-1.16,11,False
82,11,offense,39.5,34.68,0.3,0.01,4.2,0.27,10,False
82,12,defense,43.48,21.78,2.79,0.84,-2.3,-1.18,13,False
82,13,offense,42.68,21.32,2.64,2.1,-1.93,-0.33,12,False
82,14,defense,57.27,30.26,-1.44,4.27,-0.95,-0.0,1,False
82,15,disc,46.68,35.33,13.18,1.13,-0.09,-0.01,0,False
83,1,offense,56.13,33.57,-2.13,4.77,0.14,1.59,14,False
83,2,offense,59.04,26.55,1.98,1.62,-1.02,0.99,5,False
83,3,defense,47.28,26.99,-0.14,-0.48,1.77,-0.47,9,False
83,4,defense,52.85,28.07,1.75,-1.13,-1.62,2.07,6,False
83,5,defense,59.48,27.23,4.44,0.51,2.67,-0.36,2,False
83,6,offense,55.98,27.65,3.64,-0.04,1.93,-1.75,4,False
83,7,defense,53.45,25.94,3.46,-0.45,1.11,0.0,8,False
83,8,offense,55.68,25.55,3.61,-0.64,0.66,-1.91,7,False
83,9,offense,47.61,25.35,1.43,-0.06,5.92,0.02,3,False
83,10,defense,40.37,33.77,1.01,-1.04,1.05,-2.61,11,False
83,11,offense,39.54,34.69,0.59,0.01,4.45,0.03,10,False
83,12,defense,43.64,21.85,2.65,0.8,-2.08,-0.65,13,False
83,13,offense,42.85,21.46,2.63,2.12,-0.17,0.32,12,False
83,14,defense,57.19,30.56,-1.41,4.3,0.47,0.48,1,False
83,15,disc,47.55,35.4,13.18,1.13,-0.09,-0.01,0,False
84,1,offense,55.99,33.9,-2.07,4.61,0.99,-2.39,14,False
84,2,offense,59.18,26.68,2.03,1.65,0.73,0.5,5,False
84,3,defense,47.28,26.96,0.08,-0.38,3.34,1.45,9,False
84,4,defense,52.96,28.01,1.74,-0.85,-0.12,4.26,6,False
84,5,defense,59.79,27.25,4.59,0.54,2.22,0.37,2,False
84,6,offense,56.19,27.64,3.68,-0.23,0.67,-2.87,4,False
84,7,defense,53.69,25.9,3.42,-0.47,-0.64,-0.32,8,False
84,8,offense,55.93,25.49,3.65,-0.57,0.62,1.12,7,False
84,9,offense,47.72,25.34,1.74,-0.06,4.64,0.02,3,False
84,10,defense,40.44,33.7,1.12,-1.16,1.78,-1.75,11,False
84,11,offense,39.59,34.69,0.96,-0.06,5.47,-1.07,10,False
84,12,defense,43.82,21.89,2.56,0.76,-1.28,-0.65,13,False
84,13,offense,43.02,21.6,2.62,2.18,-0.18,0.96,12,False
84,14,defense,57.1,30.84,-1.39,4.25,0.33,-0.64,1,False
84,15,disc,48.43,35.48,13.17,1.13,-0.09,-0.01,0,False
85,1,offense,55.86,34.23,-1.93,4.53,2.09,-1.27,14,False
85,2,offense,59.31,26.79,2.21,1.74,2.68,1.35,5,False
85,3,defense,47.29,26.93,0.3,-0.26,3.34,1.77,9,False
85,4,defense,53.08,27.97,1.8,-0.63,0.91,3.19,6,False
85,5,defense,60.1,27.3,4.71,0.61,1.77,1.05,2,False
85,6,offense,56.45,27.61,3.67,-0.23,-0.17,-0.0,4,False
85,7,defense,53.92,25.87,3.4,-0.54,-0.31,-0.96,8,False
85,8,offense,56.17,25.43,3.74,-0.59,1.27,-0.31,7,False
85,9,offense,47.85,25.33,1.96,-0.05,3.36,0.01,3,False
85,10,defense,40.53,33.6,1.24,-1.33,1.79,-2.55,11,False
85,11,offense,39.68,34.69,1.27,-0.15,4.74,-1.42,10,False
85,12,defense,43.98,21.94,2.6,0.71,0.48,-0.64,13,False
85,13,offense,43.19,21.75,2.58,2.28,-0.5,1.43,12,False
85,14,defense,57.01,31.12,-1.37,4.23,0.16,-0.32,1,False
85,15,disc,49.31,35.55,13.17,1.13,-0.09,-0.01,0,False
86,1,offense,55.74,34.51,-1.69,4.48,3.67,-0.79,14,False
86,2,offense,59.46,26.91,2.38,1.93,2.47,2.78,5,False
86,3,defense,47.33,26.93,0.59,-0.09,4.29,2.57,9,False
86,4,defense,53.21,27.96,1.84,-0.42,0.59,3.19,6,False
86,5,defense,60.4,27.34,4.64,0.7,-1.0,1.37,2,False
86,6,offense,56.7,27.58,3.62,-0.26,-0.8,-0.48,4,False
86,7,defense,54.13,25.83,3.37,-0.64,-0.46,-1.6,8,False
86,8,offense,56.41,25.42,3.73,-0.59,-0.17,0.0,7,False
86,9,offense,48.0,25.33,2.15,-0.05,2.88,0.01,3,False
86,10,defense,40.62,33.52,1.26,-1.52,0.19,-2.87,11,False
86,11,offense,39.8,34.66,1.57,-0.23,4.5,-1.11,10,False
86,12,defense,44.15,21.98,2.69,0.59,1.36,-1.91,13,False
86,13,offense,43.36,21.91,2.52,2.38,-0.99,1.59,12,False
86,14,defense,56.92,31.4,-1.43,4.13,-0.77,-1.59,1,False
86,15,disc,50.19,35.63,13.16,1.13,-0.09,-0.01,0,False
87,1,offense,55.64,34.78,-1.41,4.31,4.2,-2.45,14,False
87,2,offense,59.65,27.04,2.5,1.96,1.85,0.52,5,False
87,3,defense,47.39,26.94,0.75,0.06,2.37,2.24,9,False
87,4,defense,53.34,27.94,1.84,-0.29,-0.03,1.91,6,False
87,5,defense,60.73,27.4,4.58,0.85,-1.01,2.19,2,False
87,6,offense,56.95,27.58,3.83,-0.21,3.16,0.77,4,False
87,7,defense,54.35,25.78,3.23,-0.67,-2.07,-0.33,8,False
87,8,offense,56.68,25.39,3.7,-0.48,-0.35,1.59,7,False
87,9,offense,48.16,25.33,2.36,-0.02,3.03,0.49,3,False
87,10,defense,40.71,33.41,1.25,-1.7,-0.13,-2.71,11,False
87,11,offense,39.93,34.63,1.78,-0.28,3.06,-0.79,10,False
87,12,defense,44.34,22.02,2.7,0.6,0.28,0.26,13,False
87,13,offense,43.54,22.08,2.54,2.52,0.29,2.08,12,False
87,14,defense,56.82,31.67,-1.42,4.0,0.03,-1.93,1,False
87,15,disc,51.07,35.7,13.16,1.13,-0.09,-0.01,0,False
88,1,offense,55.57,35.06,-1.14,4.09,4.03,-3.34,14,False
88,2,offense,59.83,27.2,2.79,2.21,4.33,3.76,5,False
88,3,defense,47.47,26.96,0.99,0.21,3.65,2.25,9,False
88,4,defense,53.46,27.93,1.76,-0.23,-1.13,0.95,6,False
88,5,defense,61.02,27.47,4.57,0.88,-0.09,0.58,2,False
88,6,offense,57.19,27.57,3.74,-0.15,-1.29,0.95,4,False
88,7,defense,54.57,25.72,3.22,-0.66,-0.17,0.16,8,False
88,8,offense,56.92,25.35,3.69,-0.44,-0.17,0.64,7,False
88,9,offense,48.33,25.33,2.53,0.01,2.55,0.49,3,False
88,10,defense,40.79,33.27,1.2,-1.8,-0.78,-1.6,11,False
88,11,offense,40.06,34.61,1.85,-0.43,1.15,-2.23,10,False
88,12,defense,44.54,22.05,2.74,0.5,0.5,-1.6,13,False
88,13,offense,43.69,22.26,2.49,2.58,-0.66,0.95,12,False
88,14,defense,56.71,31.94,-1.42,3.95,0.01,-0.8,1,False
88,15,disc,51.94,35.78,13.15,1.13,-0.09,-0.01,0,False
89,1,offense,55.53,35.34,-0.85,4.01,4.32,-1.27,14,False
89,2,offense,60.01,27.34,3.0,2.42,3.16,3.1,5,False
89,3,defense,47.53,26.98,1.17,0.26,2.71,0.81,9,False
89,4,defense,53.57,27.91,1.77,-0.21,0.13,0.26,6,False
89,5,defense,61.32,27.54,4.65,0.96,1.24,1.17,2,False
89,6,offense,57.46,27.57,3.68,-0.02,-0.99,1.91,4,False
89,7,defense,54.77,25.68,3.29,-0.62,1.1,0.48,8,False
89,8,offense,57.17,25.32,3.7,-0.58,0.18,-2.07,7,False
89,9,offense,48.51,25.33,2.67,-0.02,2.08,-0.47,3,False
89,10,defense,40.86,33.14,1.23,-1.93,0.5,-1.92,11,False
89,11,offense,40.19,34.59,1.83,-0.49,-0.31,-0.96,10,False
89,12,defense,44.72,22.09,2.65,0.43,-1.27,-0.97,13,False
89,13,offense,43.86,22.44,2.51,2.65,0.3,0.96,12,False
89,14,defense,56.62,32.17,-1.34,3.88,1.29,-0.95,1,False
89,15,disc,52.82,35.86,13.14,1.13,-0.09,-0.01,0,False
90,1,offense,55.48,35.59,-0.58,3.91,4.0,-1.47,14,False
90,2,offense,60.24,27.53,3.29,2.58,4.41,2.44,5,False
90,3,defense,47.62,27.0,1.37,0.29,3.03,0.49,9,False
90,4,defense,53.67,27.9,1.94,-0.1,2.46,1.62,6,False
90,5,defense,61.63,27.59,4.57,0.99,-1.31,0.41,2,False
90,6,offense,57.7,27.56,3.63,-0.04,-0.64,-0.32,4,False
90,7,defense,54.99,25.65,3.3,-0.55,0.14,1.12,8,False
90,8,offense,57.4,25.29,3.67,-0.59,-0.48,-0.16,7,False
90,9,offense,48.7,25.33,2.85,-0.05,2.72,-0.47,3,False
90,10,defense,40.92,33.0,1.33,-1.91,1.44,0.32,11,False
90,11,offense,40.3,34.54,1.82,-0.52,-0.16,-0.32,10,False
90,12,defense,44.89,22.11,2.58,0.41,-1.12,-0.33,13,False
90,13,offense,44.02,22.61,2.5,2.61,-0.16,-0.65,12,False
90,14,defense,56.54,32.44,-1.22,4.01,1.72,1.91,1,False
90,15,disc,53.69,35.93,13.14,1.13,-0.09,-0.01,0,False
91,1,offense,55.45,35.85,-0.36,3.62,3.31,-4.34,14,False
91,2,offense,60.46,27.71,3.62,2.68,4.92,1.41,5,False
91,3,defense,47.72,27.02,1.56,0.3,2.88,0.01,9,False
91,4,defense,53.8,27.89,2.14,-0.06,3.02,0.65,6,False
91,5,defense,61.95,27.66,4.71,1.04,2.13,0.76,2,False
91,6,offense,57.93,27.57,3.6,-0.03,-0.49,0.16,4,False
91,7,defense,55.23,25.63,3.27,-0.43,-0.51,1.75,8,False
91,8,offense,57.65,25.23,3.73,-0.6,0.95,-0.15,7,False
91,9,offense,48.89,25.32,3.02,-0.08,2.56,-0.47,3,False
91,10,defense,41.03,32.88,1.55,-1.73,3.34,2.72,11,False
91,11,offense,40.41,34.5,1.82,-0.61,0.02,-1.44,10,False
91,12,defense,45.04,22.13,2.44,0.41,-2.05,-0.01,13,False
91,13,offense,44.2,22.79,2.62,2.62,1.76,0.16,12,False
91,14,defense,56.47,32.69,-1.06,4.06,2.38,0.8,1,False
91,15,disc,54.57,36.01,10.53,1.46,-39.18,5.0,0,False
92,1,offense,55.44,36.08,-0.18,3.22,2.73,-5.91,14,True
92,2,offense,60.74,27.9,4.01,2.8,5.86,1.84,5,False
92,3,defense,47.85,27.04,1.95,0.3,5.76,0.02,9,False
92,4,defense,53.98,27.9,2.42,0.0,4.29,0.97,6,False
92,5,defense,62.25,27.73,4.79,1.06,1.26,0.24,2,False
92,6,offense,58.16,27.56,3.53,-0.07,-1.03,-0.62,4,False
92,7,defense,55.45,25.6,3.38,-0.37,1.74,0.96,8,False
92,8,offense,57.9,25.19,3.8,-0.6,0.95,0.0,7,False
92,9,offense,49.11,25.31,3.18,-0.05,2.39,0.49,3,False
92,10,defense,41.15,32.77,1.86,-1.7,4.64,0.49,11,False
92,11,offense,40.54,34.46,1.89,-0.85,1.0,-3.51,10,False
92,12,defense,45.2,22.16,2.29,0.35,-2.3,-0.86,13,False
92,13,offense,44.37,22.95,2.69,2.61,1.12,-0.16,12,False
92,14,defense,56.41,33.01,-0.92,4.3,2.18,3.55,1,False
92,15,disc,55.44,36.08,7.94,1.68,-38.75,3.2,0,False
93,1,offense,55.45,36.27,0.13,2.84,4.69,-5.72,14,True
93,2,offense,61.04,28.09,4.09,2.69,1.24,-1.72,5,False
93,3,defense,47.99,27.06,2.22,0.3,4.16,0.01,9,False
93,4,defense,54.17,27.91,2.83,0.07,6.04,0.97,6,False
93,5,defense,62.59,27.81,4.91,1.16,1.71,1.59,2,False
93,6,offense,58.39,27.56,3.59,-0.09,0.79,-0.32,4,False
93,7,defense,55.66,25.58,3.42,-0.41,0.48,-0.64,8,False
93,8,offense,58.16,25.15,3.93,-0.51,2.05,1.28,7,False
93,9,offense,49.33,25.3,3.37,-0.02,2.87,0.49,3,False
93,10,defense,41.31,32.69,2.16,-1.69,4.49,0.17,11,False
93,11,offense,40.67,34.4,2.02,-0.98,1.95,-2.07,10,False
93,12,defense,45.35,22.18,2.22,0.39,-0.97,0.48,13,False
93,13,offense,44.56,23.13,2.79,2.65,1.43,0.64,12,False
93,14,defense,56.36,33.29,-0.82,4.29,1.43,-0.16,1,False
93,15,disc,55.45,36.27,5.49,1.82,-36.79,2.19,0,False
94,1,offense,55.47,36.41,0.35,2.39,3.28,-6.84,14,True
94,2,offense,61.34,28.27,4.2,2.53,1.55,-2.39,5,False
94,3,defense,48.18,27.07,2.5,0.3,4.16,0.01,9,False
94,4,defense,54.38,27.91,3.33,0.12,7.57,0.77,6,False
94,5,defense,62.92,27.89,4.87,1.21,-0.5,0.63,2,False
94,6,offense,58.64,27.54,3.65,-0.18,0.97,-1.27,4,False
94,7,defense,55.89,25.56,3.43,-0.46,0.16,-0.8,8,False
94,8,offense,58.43,25.12,4.05,-0.33,1.71,2.72,7,False
94,9,offense,49.57,25.31,3.56,0.05,2.86,0.97,3,False
94,10,defense,41.48,32.57,2.27,-1.73,1.77,-0.63,11,False
94,11,offense,40.82,34.31,2.15,-1.24,1.97,-3.83,10,False
94,12,defense,45.48,22.21,2.28,0.43,0.79,0.64,13,False
94,13,offense,44.76,23.31,2.85,2.67,0.95,0.32,12,False
94,14,defense,56.32,33.61,-0.78,4.35,0.62,0.95,1,False
94,15,disc,55.47,36.41,3.01,1.9,-37.23,1.23,0,False
95,1,offense,55.52,36.54,0.55,1.98,2.95,-6.11,14,True
95,2,offense,61.6,28.42,4.25,2.42,0.81,-1.6,5,False
95,3,defense,48.36,27.1,2.71,0.34,3.19,0.65,9,False
95,4,defense,54.61,27.92,3.48,0.05,2.21,-1.0,6,False
95,5,defense,63.26,27.98,5.07,1.27,2.99,0.96,2,False
95,6,offense,58.89,27.53,3.78,-0.22,1.91,-0.63,4,False
95,7,defense,56.13,25.52,3.6,-0.4,2.53,0.97,8,False
95,8,offense,58.71,25.12,4.07,-0.25,0.29,1.28,7,False
95,9,offense,49.82,25.32,3.62,0.11,0.94,0.96,3,False
95,10,defense,41.64,32.44,2.46,-1.87,2.75,-2.07,11,False
95,11,offense,40.97,34.21,2.26,-1.55,1.66,-4.63,10,False
95,12,defense,45.63,22.23,2.22,0.4,-0.8,-0.48,13,False
95,13,offense,44.95,23.49,2.98,2.79,1.9,1.76,12,False
95,14,defense,56.26,33.87,-0.74,4.08,0.69,-4.14,1,False
95,15,disc,55.52,36.54,0.55,1.98,-36.9,1.12,0,False
96,1,offense,55.57,36.64,0.67,1.74,1.83,-3.56,14,True
96,2,offense,61.86,28.55,4.32,2.27,0.97,-2.23,5,False
96,3,defense,48.56,27.12,2.81,0.35,1.43,0.16,9,False
96,4,defense,54.91,27.93,3.72,0.08,3.66,0.33,6,False
96,5,defense,63.58,28.06,5.07,1.26,-0.01,-0.16,2,False
96,6,offense,59.15,27.51,3.88,-0.24,1.59,-0.31,4,False
96,7,defense,56.37,25.47,3.87,-0.38,4.13,0.33,8,False
96,8,offense,59.0,25.12,4.11,-0.16,0.61,1.28,7,False
96,9,offense,50.07,25.34,3.7,0.21,1.25,1.44,3,False
96,10,defense,41.79,32.3,2.57,-2.1,1.64,-3.51,11,False
96,11,offense,41.13,34.09,2.29,-1.77,0.36,-3.35,10,False
96,12,defense,45.8,22.27,2.3,0.34,1.19,-0.79,13,False
96,13,offense,45.15,23.68,3.01,2.73,0.48,-0.8,12,False
96,14,defense,56.21,34.14,-0.68,3.94,0.82,-2.07,1,False
96,15,disc,55.57,36.64,0.67,1.74,1.83,-3.56,0,False
97,1,offense,55.63,36.74,0.74,1.6,1.01,-2.13,14,True
97,2,offense,62.16,28.71,4.33,2.11,0.24,-2.35,5,False
97,3,defense,48.75,27.15,2.77,0.36,-0.65,0.16,9,False
97,4,defense,55.14,27.92,3.86,0.11,2.06,0.48,6,False
97,5,defense,63.94,28.15,5.14,1.3,1.09,0.64,2,False
97,6,offense,59.42,27.49,3.94,-0.22,0.78,0.32,4,False
97,7,defense,56.65,25.47,4.04,-0.39,2.54,-0.15,8,False
97,8,offense,59.26,25.11,4.15,-0.06,0.61,1.6,7,False
97,9,offense,50.31,25.35,3.78,0.18,1.12,-0.48,3,False
97,10,defense,41.97,32.15,2.6,-2.16,0.49,-0.96,11,False
97,11,offense,41.29,33.95,2.26,-1.81,-0.31,-0.64,10,False
97,12,defense,45.94,22.29,2.43,0.29,1.95,-0.8,13,False
97,13,offense,45.36,23.88,3.06,2.67,0.81,-0.96,12,False
97,14,defense,56.16,34.37,-0.65,3.69,0.53,-3.68,1,False
97,15,disc,55.63,36.74,0.74,1.6,1.01,-2.13,0,False
98,1,offense,55.67,36.85,0.6,1.47,-2.04,-1.91,14,True
98,2,offense,62.48,28.85,4.63,2.0,4.46,-1.74,5,False
98,3,defense,48.93,27.17,2.81,0.34,0.64,-0.32,9,False
98,4,defense,55.41,27.93,3.89,0.16,0.46,0.8,6,False
98,5,defense,64.28,28.23,5.13,1.29,-0.17,-0.16,2,False
98,6,offense,59.69,27.48,4.01,-0.15,1.09,0.96,4,False
98,7,defense,56.95,25.45,4.29,-0.26,3.79,1.93,8,False
98,8,offense,59.53,25.1,4.15,-0.02,-0.02,0.48,7,False
98,9,offense,50.57,25.37,3.81,0.14,0.48,-0.48,3,False
98,10,defense,42.16,31.99,2.77,-2.11,2.55,0.8,11,False
98,11,offense,41.43,33.81,2.18,-1.85,-1.28,-0.48,10,False
98,12,defense,46.12,22.3,2.5,0.25,0.97,-0.52,13,False
98,13,offense,45.57,24.04,3.09,2.54,0.34,-1.92,12,False
98,14,defense,56.13,34.6,-0.52,3.65,1.92,-0.64,1,False
98,15,disc,55.67,36.85,0.6,1.47,-2.04,-1.91,0,False
99,1,offense,55.71,36.95,0.52,1.36,-1.25,-1.75,14,True
99,2,offense,62.79,28.97,5.05,2.04,6.33,0.65,5,False
99,3,defense,49.1,27.2,2.77,0.36,-0.65,0.32,9,False
99,4,defense,55.67,27.95,3.56,0.17,-4.95,0.14,6,False
99,5,defense,64.63,28.32,5.34,1.27,3.16,-0.31,2,False
99,6,offense,59.95,27.47,4.14,-0.09,1.89,0.96,4,False
99,7,defense,57.24,25.43,4.48,-0.12,2.83,2.08,8,False
99,8,offense,59.81,25.11,4.13,0.01,-0.33,0.48,7,False
99,9,offense,50.83,25.37,3.84,0.14,0.47,0.0,3,False
99,10,defense,42.34,31.85,3.03,-2.0,3.82,1.61,11,False
99,11,offense,41.57,33.71,2.13,-1.76,-0.82,1.28,10,False
99,12,defense,46.29,22.31,2.52,0.17,0.32,-1.2,13,False
99,13,offense,45.78,24.2,3.05,2.36,-0.61,-2.73,12,False
99,14,defense,56.1,34.84,-0.34,3.52,2.73,-1.91,1,False
99,15,disc,55.71,36.95,0.52,1.36,-1.25,-1.75,0,False
100,1,offense,55.72,37.03,0.39,1.17,-1.87,-2.75,14,True
100,2,offense,63.14,29.09,5.22,1.95,2.55,-1.43,5,False
100,3,defense,49.3,27.21,2.73,0.32,-0.47,-0.64,9,False
100,4,defense,55.91,27.98,3.61,0.3,0.7,1.94,6,False
100,5,defense,64.97,28.41,5.32,1.19,-0.32,-1.12,2,False
100,6,offense,60.23,27.48,4.23,-0.03,1.41,0.96,4,False
100,7,defense,57.56,25.43,4.58,-0.1,1.42,0.32,8,False
100,8,offense,60.1,25.11,4.23,0.1,1.56,1.44,7,False
100,9,offense,51.09,25.37,3.99,0.17,2.22,0.33,3,False
100,10,defense,42.57,31.74,3.13,-1.8,1.56,3.04,11,False
100,11,offense,41.7,33.6,2.07,-1.68,-0.82,1.28,10,False
100,12,defense,46.47,22.32,2.6,0.2,1.25,0.36,13,False
100,13,offense,45.98,24.34,2.98,2.17,-0.93,-2.89,12,False
100,14,defense,56.09,35.08,-0.08,3.48,3.83,-0.63,1,False
100,15,disc,55.72,37.03,0.39,1.17,-1.87,-2.75,0,False
101,1,offense,55.74,37.09,0.29,0.93,-1.48,-3.71,14,True
101,2,offense,63.55,29.23,5.38,1.93,2.37,-0.32,5,False
101,3,defense,49.48,27.24,2.87,0.33,2.07,0.17,9,False
101,4,defense,56.1,27.99,3.61,0.33,-0.01,0.48,6,False
101,5,defense,65.36,28.49,5.31,1.18,-0.17,-0.16,2,False
101,6,offense,60.53,27.48,4.29,-0.03,0.95,0.0,4,False
101,7,defense,57.86,25.43,4.6,0.03,0.28,1.91,8,False
101,8,offense,60.37,25.12,4.23,0.22,-0.03,1.75,7,False
101,9,offense,51.36,25.38,4.03,0.12,0.64,-0.64,3,False
101,10,defense,42.8,31.63,3.2,-1.53,1.07,4.0,11,False
101,11,offense,41.84,33.5,2.14,-1.64,1.12,0.48,10,False
101,12,defense,46.64,22.33,2.58,0.26,-0.37,0.94,13,False
101,13,offense,46.17,24.47,2.99,2.1,0.17,-0.96,12,False
101,14,defense,56.1,35.32,0.13,3.39,3.2,-1.43,1,False
101,15,disc,55.74,37.09,0.29,0.93,-1.48,-3.71,0,False
102,1,offense,55.76,37.13,0.21,0.67,-1.3,-3.9,14,True
102,2,offense,63.9,29.36,5.05,1.75,-4.93,-2.6,5,False
102,3,defense,49.66,27.26,2.69,0.31,-2.76,-0.25,9,False
102,4,defense,56.35,28.02,3.22,0.29,-5.77,-0.58,6,False
102,5,defense,65.71,28.55,4.8,1.02,-7.59,-2.45,2,False
102,6,offense,60.83,27.48,3.95,-0.01,-5.18,0.3,4,False
102,7,defense,58.17,25.43,4.22,0.13,-5.68,1.53,8,False
102,8,offense,60.67,25.14,3.79,0.25,-6.57,0.49,7,False
102,9,offense,51.64,25.4,3.68,0.16,-5.24,0.5,3,False
102,10,defense,43.02,31.55,3.0,-1.19,-3.07,5.22,11,False
102,11,offense,41.98,33.39,1.96,-1.51,-2.83,1.95,10,False
102,12,defense,46.81,22.36,2.31,0.28,-4.06,0.33,13,False
102,13,offense,46.36,24.6,2.61,1.82,-5.8,-4.26,12,False
102,14,defense,56.14,35.53,0.3,2.95,2.52,-6.48,1,False
102,15,disc,55.76,37.13,0.21,0.67,-1.3,-3.9,0,False
103,1,offense,55.77,37.16,0.21,0.45,0.07,-3.26,14,True
103,2,offense,64.27,29.49,4.68,1.67,-5.51,-1.2,5,False
103,3,defense,49.89,27.28,2.45,0.29,-3.53,-0.41,9,False
103,4,defense,56.61,28.04,2.96,0.21,-3.88,-1.26,6,False
103,5,defense,66.05,28.63,4.33,0.85,-7.16,-2.58,2,False
103,6,offense,61.12,27.47,3.57,-0.06,-5.64,-0.87,4,False
103,7,defense,58.48,25.46,3.73,0.16,-7.31,0.44,8,False
103,8,offense,60.94,25.17,3.34,0.29,-6.71,0.57,7,False
103,9,offense,51.91,25.41,3.31,0.21,-5.65,0.84,3,False
103,10,defense,43.23,31.48,2.67,-0.9,-4.85,4.24,11,False
103,11,offense,42.15,33.27,1.85,-1.42,-1.65,1.39,10,False
103,12,defense,46.98,22.38,2.05,0.28,-3.88,0.02,13,False
103,13,offense,46.57,24.74,2.31,1.58,-4.42,-3.62,12,False
103,14,defense,56.18,35.73,0.46,2.53,2.33,-6.4,1,False
103,15,disc,55.77,37.16,0.21,0.45,0.07,-3.26,0,False
104,1,offense,55.78,37.17,0.19,0.32,-0.35,-1.91,14,True
104,2,offense,64.47,29.56,4.34,1.54,-5.14,-1.95,5,False
104,3,defense,50.0,27.3,2.39,0.26,-0.97,-0.36,9,False
104,4,defense,56.74,28.05,3.0,0.21,0.57,-0.05,6,False
104,5,defense,66.23,28.66,3.96,0.76,-5.51,-1.26,2,False
104,6,offense,61.27,27.47,3.35,-0.08,-3.3,-0.3,4,False
104,7,defense,58.65,25.47,3.52,0.2,-3.13,0.53,8,False
104,8,offense,61.08,25.19,3.14,0.32,-2.96,0.43,7,False
104,9,offense,52.05,25.42,3.14,0.22,-2.56,0.14,3,False
104,10,defense,43.34,31.46,2.47,-0.73,-3.06,2.56,11,False
104,11,offense,42.22,33.2,1.78,-1.4,-0.95,0.24,10,False
104,12,defense,47.06,22.4,1.92,0.32,-1.91,0.52,13,False
104,13,offense,46.65,24.8,2.19,1.49,-1.84,-1.33,12,False
104,14,defense,56.2,35.82,0.54,2.28,1.3,-3.66,1,False
104,15,disc,55.78,37.17,0.19,0.32,-0.35,-1.91,0,False
105,1,offense,55.79,37.18,0.18,0.23,-0.07,-1.32,14,True
105,2,offense,64.7,29.65,4.01,1.45,-4.88,-1.38,5,False
105,3,defense,50.12,27.31,2.26,0.26,-1.89,-0.07,9,False
105,4,defense,56.9,28.04,2.76,0.11,-3.54,-1.43,6,False
105,5,defense,66.42,28.69,3.51,0.7,-6.81,-1.04,2,False
105,6,offense,61.42,27.46,2.97,-0.12,-5.76,-0.5,4,False
105,7,defense,58.8,25.48,3.16,0.26,-5.48,0.89,8,False
105,8,offense,61.21,25.2,2.73,0.31,-6.25,-0.09,7,False
105,9,offense,52.19,25.44,2.75,0.2,-5.85,-0.31,3,False
105,10,defense,43.46,31.44,2.2,-0.55,-4.02,2.68,11,False
105,11,offense,42.32,33.13,1.68,-1.31,-1.6,1.46,10,False
105,12,defense,47.15,22.41,1.69,0.29,-3.41,-0.4,13,False
105,13,offense,46.75,24.87,1.97,1.32,-3.33,-2.48,12,False
105,14,defense,56.24,35.92,0.53,1.98,-0.25,-4.51,1,False
105,15,disc,55.79,37.18,0.18,0.23,-0.07,-1.32,0,False
